{"type":"FeatureCollection","features":[{"type":"Feature","id":1,"geometry":{"type":"Polygon","coordinates":[[[121.4915128560001,23.716340800000069],[121.48425614300004,23.716816099000027],[121.48317277100011,23.714293483000063],[121.48304400500001,23.713987318000022],[121.48223995500007,23.712682653000059],[121.48175198400008,23.71257391000006],[121.48089406400004,23.710342658000059],[121.48077722900007,23.708748249000053],[121.4806124800001,23.707442569000023],[121.48038689900011,23.703700481000055],[121.48034228100005,23.70358869100005],[121.48026802000004,23.703405522000025],[121.4801418290001,23.703078318000053],[121.4800873370001,23.702952250000067],[121.47990788000004,23.702522206000026],[121.47948799800008,23.702288432000046],[121.47932532700008,23.701980345000038],[121.47929771700001,23.701892987000065],[121.47927837500004,23.701744129000076],[121.4791820160001,23.701656983000078],[121.47916798200004,23.70151155800005],[121.47885378000001,23.701472601000035],[121.47870333500009,23.701445761000059],[121.47875526900009,23.700787397000056],[121.4788550180001,23.700798666000026],[121.47841139900004,23.699761962000025],[121.47725684900001,23.697063789000026],[121.47665089000009,23.69580475500004],[121.47467849900011,23.692121992000068],[121.47414055900003,23.691118407000033],[121.47375576700006,23.690400510000075],[121.47295241500001,23.688901646000033],[121.47286298900008,23.68873480600007],[121.47269490800011,23.688421211000048],[121.4722969500001,23.687680327000066],[121.47210327000005,23.687347421000027],[121.47187580000002,23.687005733000035],[121.47171212700005,23.686763359000054],[121.47155855200003,23.686553127000025],[121.47141144000011,23.686362668000072],[121.47112663700011,23.686024233000069],[121.47084417600001,23.68570959300007],[121.47083972600001,23.685704776000023],[121.47051623600009,23.685379957000066],[121.47018703700007,23.685076330000072],[121.47016088500004,23.685053564000043],[121.4701377670001,23.685032252000042],[121.46944396100002,23.684411548000071],[121.46911784500003,23.684129327000051],[121.46868929200002,23.683758457000067],[121.46767724600011,23.682882613000061],[121.46762385200009,23.682836407000025],[121.46740095100006,23.68264350000004],[121.46735216000002,23.682601279000039],[121.46699032200002,23.682288127000049],[121.46670246800011,23.682034834000035],[121.46637134100001,23.681743459000074],[121.46598813600008,23.681406257000049],[121.46580575000007,23.681245769000043],[121.46560856300005,23.681072250000057],[121.46525273400005,23.680759129000023],[121.46504683400008,23.680577952000078],[121.46462975400004,23.68021092500004],[121.46398001900002,23.679639168000051],[121.46391319100007,23.679585655000039],[121.46381327800009,23.679509750000022],[121.46371087500006,23.67943671200004],[121.46366664100003,23.679406569000037],[121.46360738200008,23.679367520000028],[121.46349058300007,23.679293955000048],[121.46337159000007,23.679223437000076],[121.4632504970001,23.679156018000072],[121.46314339300011,23.679099868000037],[121.46309958500001,23.679078003000029],[121.46298031000003,23.679021269000032],[121.46285929100009,23.678967754000041],[121.46273663300008,23.678917505000072],[121.46264980000001,23.678884181000058],[121.4625269600001,23.678839733000075],[121.46240272200009,23.678798725000036],[121.46227719300009,23.678761187000077],[121.46215049200009,23.67872716200003],[121.46202273200004,23.678696674000037],[121.46198922200006,23.67868930000003],[121.46015293800008,23.678318316000059],[121.46005157400009,23.678302578000057],[121.45992996100006,23.678287007000051],[121.45980787500002,23.678274959000078],[121.45972300800008,23.678268682000066],[121.45780399000012,23.678303649000043],[121.4570175020001,23.678317972000059],[121.45681104000005,23.678379514000028],[121.45602733700002,23.67861440300004],[121.45592385800001,23.678619240000046],[121.45539378500007,23.678628357000036],[121.45496950300003,23.678641000000027],[121.45425132800005,23.678697431000046],[121.45423633400003,23.678576873000054],[121.45413953700006,23.678589780000038],[121.45370667900011,23.67864753200007],[121.45341950900001,23.678685846000064],[121.45267128800003,23.678826425000068],[121.45230661700009,23.67890469300005],[121.45133502400006,23.679112816000043],[121.45123921800007,23.679133380000053],[121.45070969800008,23.679260515000067],[121.44999838600006,23.679431295000029],[121.44931493000001,23.679595390000031],[121.44738177800002,23.680156876000069],[121.44607531000008,23.68059474100005],[121.44478528200011,23.68107234200005],[121.44322689600006,23.681670345000043],[121.44180688900008,23.682217664000063],[121.43857801800004,23.683462116000044],[121.43507219200001,23.684813207000047],[121.43456037700003,23.685003115000029],[121.43404664400009,23.685188590000052],[121.43323126300004,23.685466804000043],[121.43290497500004,23.685570226000038],[121.4326668540001,23.685645700000066],[121.4324091520001,23.685727381000049],[121.4322158010001,23.685786805000077],[121.42870809700003,23.686864812000067],[121.42650732700008,23.687542478000069],[121.4236368490001,23.688426299000071],[121.42166827900007,23.689032460000078],[121.42165559000011,23.689036431000034],[121.42164289700008,23.689040394000074],[121.42163020200007,23.689044349000028],[121.42161750300011,23.689048295000077],[121.42160480200005,23.68905223400003],[121.42159209800002,23.689056164000078],[121.42157939100002,23.689060085000051],[121.42156668000007,23.689064001000077],[121.42155396700002,23.689067906000048],[121.42154125100001,23.689071803000047],[121.42152853200002,23.689075692000074],[121.42151581000007,23.689079573000072],[121.42150308500004,23.68908344700003],[121.42149035800003,23.689087312000026],[121.42147762600007,23.689091168000061],[121.42146489400011,23.689095017000056],[121.42145215700009,23.689098857000033],[121.4214394170001,23.689102689000038],[121.42142667400003,23.68910651300007],[121.42141393000009,23.689110329000073],[121.42140118200007,23.689114137000047],[121.4213884290001,23.689117937000049],[121.42137567700001,23.689121728000032],[121.4213629190001,23.689125512000032],[121.42135016100008,23.689129287000071],[121.42133739700012,23.689133053000035],[121.42132463200005,23.689136811000026],[121.42131186400002,23.689140563000024],[121.42129909200003,23.68914430500007],[121.42128632000004,23.689148038000042],[121.42127354200011,23.68915176400003],[121.42126076200009,23.689155481000057],[121.42124798000009,23.689159191000044],[121.42123519600011,23.68916289200007],[121.42122240800006,23.689166584000077],[121.42120961700005,23.689170269000044],[121.42119682300006,23.689173946000039],[121.42118402700009,23.689177615000062],[121.42117122900004,23.689181274000077],[121.42115842700002,23.689184926000053],[121.42114562200004,23.689188569000066],[121.42113281600007,23.68919220500004],[121.42112000400004,23.689195832000053],[121.42110719300001,23.689199452000025],[121.42109437700003,23.689203062000047],[121.42108155700009,23.689206666000075],[121.42106873800003,23.68921025800006],[121.42105591400002,23.68921384500004],[121.42104308700004,23.689217424000049],[121.4210302570001,23.689220993000049],[121.42101742600005,23.689224553000031],[121.42100459200003,23.689228108000066],[121.42099175500005,23.689231651000057],[121.42097891500009,23.689235188000055],[121.42096607200006,23.68923871800007],[121.42095322700004,23.689242238000077],[121.42094037900006,23.689245749000065],[121.42092752800011,23.689249252000025],[121.42091467500006,23.689252749000048],[121.42090181900005,23.689256235000073],[121.42088896000007,23.689259714000059],[121.42087609900011,23.689263185000073],[121.42086323600006,23.689266648000057],[121.42085036900005,23.689270102000023],[121.42083750200004,23.689273546000038],[121.42082462900009,23.689276985000049],[121.42081175500005,23.689280414000052],[121.42079887800003,23.689283835000026],[121.42078599900003,23.689287249000074],[121.42077311600008,23.689290652000068],[121.42076023100003,23.689294050000058],[121.42074734400001,23.68929743700005],[121.42073445500012,23.68930081600007],[121.42072156300003,23.68930418900004],[121.42070867000007,23.689307552000059],[121.42069577100006,23.689310907000049],[121.42068287200004,23.689314254000067],[121.42066996900007,23.689317592000066],[121.42065706400001,23.689320921000046],[121.42064415800007,23.689324243000044],[121.42063124700007,23.689327556000023],[121.4206183340001,23.68933086100003],[121.42060541900003,23.689334158000065],[121.42059250300008,23.689337447000071],[121.42057958200007,23.689340728000047],[121.42056665900009,23.689343999000073],[121.42055373500011,23.689347263000059],[121.42054080800006,23.689350518000026],[121.42052787800003,23.689353766000067],[121.42051494700002,23.689357005000033],[121.42050201000006,23.689360235000038],[121.4204890740001,23.689363458000059],[121.42047613500006,23.689366671000073],[121.42046319300005,23.689369876000058],[121.42045024800007,23.689373075000049],[121.4204373020001,23.689376264000032],[121.42042435200005,23.689379445000043],[121.42041140100002,23.689382617000035],[121.42039844700003,23.689385780000066],[121.42038882700001,23.689388101000077],[121.4203792080001,23.689390419000063],[121.4203695870001,23.689392732000044],[121.42035996300001,23.689395041000068],[121.42035034000003,23.689397344000042],[121.42034071500007,23.689399642000069],[121.42033108900011,23.689401936000024],[121.42032146000008,23.689404225000033],[121.42031183100005,23.689406511000072],[121.42030220200002,23.689408791000062],[121.42029257000002,23.689411067000037],[121.42028293700002,23.689413338000065],[121.42027330400003,23.689415604000033],[121.42026366800008,23.689417865000053],[121.42025403100001,23.689420124000037],[121.42024439200009,23.689422377000028],[121.42023475300005,23.689424624000026],[121.42022511400012,23.689426868000055],[121.42021547200011,23.689429107000024],[121.42020582900011,23.689431341000045],[121.42019618400002,23.689433571000052],[121.42018653900004,23.689435797000044],[121.42017689200009,23.689438017000043],[121.42016724500002,23.689440234000074],[121.42015759500009,23.689442445000054],[121.42014794400006,23.689444651000031],[121.42013829100006,23.689446854000039],[121.42012864000003,23.689449051000054],[121.42011898500004,23.689451244000054],[121.42010933000006,23.68945343200005],[121.4200996730001,23.689455616000032],[121.42009001600002,23.689457795000067],[121.42008035700007,23.68945997000003],[121.42007069600004,23.689462140000046],[121.42006103500012,23.689464306000048],[121.4200513720001,23.689466465000066],[121.42004170700011,23.689468623000039],[121.42003204200012,23.689470775000075],[121.42002237600002,23.689472921000061],[121.42001270800006,23.689475064000078],[121.42000303900011,23.689477201000045],[121.41999337000004,23.689479333000065],[121.41998369900011,23.68948146300005],[121.41997402600009,23.689483586000051],[121.41996435300007,23.689485706000028],[121.41995467800007,23.689487821000057],[121.41994500100009,23.689489930000036],[121.41993532400011,23.689492037000036],[121.41992564700001,23.689494136000064],[121.41991596600008,23.689496232000067],[121.41990628500002,23.689498324000056],[121.41989660400009,23.68950041100004],[121.41988692100006,23.689502494000067],[121.41987723600005,23.689504570000054],[121.41986755100004,23.689506644000062],[121.41985786500004,23.689508713000066],[121.41984817600007,23.689510777000066],[121.41983848700011,23.689512836000063],[121.41982879800003,23.689514891000044],[121.41981910700008,23.689516942000068],[121.41980941400004,23.689518985000063],[121.41979972100012,23.689521027000069],[121.41979002700009,23.689523063000024],[121.41978033000009,23.689525094000032],[121.4197706330001,23.689527121000026],[121.41976093400001,23.689529143000073],[121.41975123500004,23.689531161000048],[121.41974153500007,23.689533174000076],[121.41973183400012,23.689535182000043],[121.41972213100007,23.689537186000052],[121.41971242800003,23.689539186000047],[121.4197027240001,23.689541181000038],[121.4196930170001,23.689543170000036],[121.4196833100001,23.689545156000065],[121.41967360100011,23.689547136000044],[121.41966389300001,23.689549111000076],[121.41965418200004,23.689551082000037],[121.41964447100008,23.689553050000029],[121.41963475900002,23.689555012000028],[121.4196250440001,23.689556969000023],[121.41961532900007,23.68955892200006],[121.41960561200005,23.689560870000037],[121.41959589600003,23.689562813000066],[121.41958617900002,23.689564752000024],[121.41957645800005,23.689566687000024],[121.41956673800007,23.689568617000077],[121.4195570170001,23.689570541000023],[121.41954729400004,23.689572462000058],[121.41953757200008,23.689574377000042],[121.41952784700004,23.689576289000058],[121.41951812100001,23.689578195000024],[121.4195083940001,23.689580098000079],[121.41949866700008,23.689581994000037],[121.4194889370001,23.689583887000026],[121.4194792080001,23.689585776000058],[121.41946947700001,23.68958765900004],[121.41945974500004,23.689589536000028],[121.41725374400005,23.690014731000076],[121.41560413600007,23.690335841000035],[121.41559436000011,23.690337747000058],[121.41558458400004,23.690339652000034],[121.4155748070001,23.690341556000078],[121.41556503100003,23.690343459000076],[121.41555525500007,23.690345362000073],[121.41554547700002,23.690347264000025],[121.41553570100007,23.690349165000043],[121.41552592400001,23.690351066000062],[121.41551614800005,23.690352967000024],[121.41550637000012,23.690354866000064],[121.41549659200007,23.690356765000047],[121.41548681500001,23.69035866400003],[121.41547703700007,23.690360561000034],[121.41546725900002,23.690362458000038],[121.41545748100009,23.690364355000042],[121.41544770400003,23.690366251000057],[121.4154379260001,23.690368146000026],[121.41542814800005,23.690370040000062],[121.41541836800002,23.690371933000051],[121.41540859100007,23.69037382700003],[121.41539881100005,23.690375720000077],[121.41538903300011,23.690377612000077],[121.41537925300008,23.690379504000077],[121.41536947400004,23.690381394000042],[121.41535969600011,23.690383286000042],[121.41534991600008,23.690385174000028],[121.41534013600005,23.690387064000049],[121.41533035700002,23.690388952000035],[121.4153205770001,23.690390840000077],[121.4153107950001,23.690392727000074],[121.41530101600006,23.690394613000024],[121.41529123600003,23.69039649900003],[121.41528145600012,23.690398384000048],[121.41527167400011,23.690400268000076],[121.41526189500007,23.690402153000036],[121.41525211300007,23.690404036000075],[121.41524233100006,23.690405919000057],[121.41523255100003,23.690407801000049],[121.41522277000001,23.690409682000052],[121.41521298800001,23.690411563000055],[121.41520320600011,23.690413444000058],[121.41519342400011,23.690415323000025],[121.41518364300009,23.690417202000049],[121.41517386100008,23.690419082000062],[121.4151640770001,23.690420959000051],[121.41515429500009,23.690422836000039],[121.41514451400008,23.690424712000038],[121.41513473000009,23.690426587000047],[121.41512494800008,23.690428463000046],[121.4151151640001,23.690430338000056],[121.41510538300008,23.690432212000076],[121.4150955990001,23.690434086000039],[121.41508581500011,23.690435958000023],[121.41507603200012,23.690437830000064],[121.41506624800002,23.690439702000049],[121.41505646400003,23.690441573000044],[121.41504668000005,23.690443444000039],[121.41503689700005,23.690445312000065],[121.41502711300006,23.690447182000071],[121.41501732900008,23.690449050000041],[121.41500754300012,23.690450917000078],[121.41499776000001,23.690452785000048],[121.41498797400004,23.690454652000028],[121.41497819000006,23.690456518000076],[121.41496840500008,23.690458383000077],[121.4149586210001,23.690460247000033],[121.41494883500002,23.690462112000034],[121.41493904900005,23.690463975000057],[121.41492926400008,23.690465838000023],[121.41491947800012,23.690467699000067],[121.41490969200004,23.690469560000054],[121.41489990600007,23.690471421000041],[121.4148901210001,23.690473282000028],[121.41488033300004,23.690475141000036],[121.41487054700008,23.690477001000033],[121.4148607620001,23.690478860000042],[121.41485097400005,23.690480717000071],[121.41484118800008,23.690482575000033],[121.41483140000003,23.690484430000026],[121.41482161300007,23.690486286000066],[121.41481182700011,23.690488142000049],[121.41480203900005,23.690489996000053],[121.41479225100011,23.690491849000068],[121.41478246400004,23.690493703000072],[121.4147726760001,23.690495557000077],[121.41476288800004,23.690497409000045],[121.41475309900011,23.690499259000035],[121.41474331100005,23.69050111100006],[121.41473352300011,23.690502962000039],[121.41472373300007,23.690504812000029],[121.41471394600001,23.69050666000004],[121.41470415600008,23.69050850900004],[121.41469436800003,23.690510355000072],[121.4146845790001,23.690512204000072],[121.41467479100004,23.690514050000047],[121.41466500100012,23.690515895000033],[121.41465521100008,23.690517740000075],[121.41464542200004,23.690519585000061],[121.4136195640001,23.690705245000061],[121.41361605100008,23.690707385000053],[121.41323790800004,23.690772985000024],[121.41293601000007,23.690829062000034],[121.41228245200011,23.690944344000059],[121.41159394600004,23.691034396000077],[121.41153252900006,23.691041948000077],[121.41148314900011,23.69104801900005],[121.4107798870001,23.691126377000046],[121.41018665800004,23.691181966000045],[121.4093149580001,23.691231986000048],[121.40913911000007,23.691242104000025],[121.40915146100008,23.691100981000034],[121.40917436300003,23.690839327000049],[121.40911723200009,23.690841727000077],[121.40906164400008,23.690843277000056],[121.40889286200002,23.690847979000068],[121.40888272800009,23.690848263000078],[121.40887845300006,23.690848380000034],[121.40882081600012,23.690847946000076],[121.40827265600001,23.690847703000031],[121.40757722600006,23.690834167000048],[121.39383729000008,23.691310152000028],[121.39368221300003,23.691313815000058],[121.39315304700006,23.691315060000022],[121.39294588100006,23.691312642000071],[121.39229487800003,23.691302067000038],[121.39122779900003,23.691226402000041],[121.39077917800012,23.691188040000043],[121.39034861700009,23.691096573000038],[121.38926055600007,23.690972660000057],[121.38833996200003,23.690957978000029],[121.38808441800006,23.690910294000048],[121.38710836100006,23.690979065000079],[121.38593732100003,23.690568850000034],[121.38545422900006,23.690435068000056],[121.3851920510001,23.690367219000052],[121.38465373100007,23.690291423000076],[121.38468997300004,23.690204829000038],[121.38476982600002,23.690012843000034],[121.38434035300008,23.689826649000054],[121.38422576200003,23.689776966000068],[121.38414340700001,23.689736762000052],[121.38409023300005,23.689763550000066],[121.38398838300009,23.689839987000028],[121.38396588100011,23.689900705000071],[121.38390759100002,23.689928454000039],[121.38380532300005,23.689959183000042],[121.38343969300001,23.689902325000048],[121.38326932300004,23.689898106000044],[121.38301374900004,23.689908779000064],[121.38286149300006,23.689966296000023],[121.38278858100011,23.689946295000027],[121.38269798600004,23.689945002000059],[121.38212468800009,23.689867506000041],[121.38090309400002,23.689661900000033],[121.38029004800001,23.689604677000034],[121.38031299800002,23.690100863000055],[121.38025063200007,23.690126489000079],[121.38019826000004,23.690441063000037],[121.37997967800004,23.690549099000066],[121.3794290510001,23.69034313800006],[121.37937438600011,23.690322689000027],[121.37930187100005,23.690368928000055],[121.37866448800003,23.690639693000037],[121.37791340400008,23.688406465000071],[121.3776717070001,23.687670415000071],[121.37840777800011,23.687388118000058],[121.37874267500001,23.68711479600006],[121.37971438000011,23.686216388000048],[121.38013910000006,23.685454984000046],[121.38038840700005,23.685166953000078],[121.3806615100001,23.684711232000041],[121.38080243800005,23.684517176000043],[121.38108965900005,23.68433251600004],[121.38125711700002,23.684194136000031],[121.38144892000003,23.684058910000033],[121.3818021190001,23.68378728600004],[121.38203742000007,23.683615627000052],[121.38227667000001,23.683427402000063],[121.3825536810001,23.68316917900006],[121.38279326700001,23.682839884000032],[121.38307462900002,23.682689225000047],[121.38346195600002,23.682580828000027],[121.3838162290001,23.682572277000077],[121.38424588600003,23.682561017000069],[121.38456409600008,23.682537652000065],[121.38486461000002,23.682503418000067],[121.38517511400005,23.68252771300007],[121.38560526600008,23.68249656100005],[121.38611187000004,23.682535407000046],[121.38672752500008,23.682619102000046],[121.38718529400001,23.682718227000066],[121.38751235300003,23.682817680000028],[121.38833127800001,23.682782318000022],[121.3885869930001,23.68265791400006],[121.38888584000006,23.682603982000046],[121.38939652100009,23.682547871000054],[121.38973529500004,23.682519249000052],[121.39061741700004,23.682472671000028],[121.39133125700005,23.682435344000055],[121.39166775100011,23.682396992000065],[121.39212661100009,23.682302992000075],[121.39255545300011,23.682177416000059],[121.39310406000004,23.682091155000023],[121.39350479000007,23.682027364000078],[121.39383586800011,23.681984897000063],[121.3942940710001,23.681959862000042],[121.39477806400009,23.681954648000044],[121.39519508400008,23.681953585000031],[121.39564710200011,23.681952371000023],[121.39628207100009,23.681941910000035],[121.39677811100012,23.682043155000031],[121.3971547110001,23.682165333000057],[121.39784616500003,23.682429858000035],[121.39815496500012,23.682555986000068],[121.39847875700002,23.682661733000032],[121.3986813680001,23.682833394000056],[121.39894910700002,23.682971128000077],[121.39920081600008,23.683054993000042],[121.39945561800005,23.683175769000059],[121.39971742900002,23.683340525000062],[121.4001904270001,23.683521617000054],[121.40067626000007,23.683738869000024],[121.40222361700012,23.685142847000066],[121.40226545300004,23.685242175000042],[121.40230503500004,23.685299115000078],[121.40245756900003,23.685475137000026],[121.40252976600004,23.685695719000023],[121.40269315100011,23.68587947900005],[121.40295810800001,23.68602891300003],[121.40325021800004,23.686159701000065],[121.40453073700007,23.686711101000071],[121.40466916000003,23.686735057000078],[121.40482636200011,23.686724605000052],[121.40517668300004,23.686634257000037],[121.40561429100001,23.686643298000035],[121.40597128200011,23.686491956000054],[121.40619097100011,23.686381484000037],[121.40644753700008,23.686243165000064],[121.40725679700006,23.686380952000036],[121.40777513800003,23.68645157800006],[121.40801271700002,23.686465018000035],[121.40840522000008,23.686459307000064],[121.40877608100004,23.686466362000033],[121.40913378000005,23.686447417000068],[121.40908942800002,23.687032926000029],[121.4094435720001,23.687017344000026],[121.40946656500012,23.686664463000056],[121.40949242200008,23.686428099000068],[121.41102943600004,23.686262735000071],[121.4125682340001,23.686013308000042],[121.41636472700009,23.685107563000031],[121.41919805900011,23.684415866000052],[121.42072587400003,23.683989460000078],[121.42254384000012,23.683361844000046],[121.42289852200008,23.683225738000033],[121.42300744500005,23.683158702000071],[121.42308946500009,23.683103965000043],[121.42317231900006,23.683034583000051],[121.42325997100011,23.682922311000027],[121.42334467000001,23.681653505000043],[121.42278650100002,23.681665934000023],[121.42161377400009,23.681674088000022],[121.41962280300004,23.681563981000068],[121.41746491100002,23.681422003000023],[121.41742264400011,23.681324572000051],[121.41762959100004,23.681207548000032],[121.41762800700008,23.681147977000023],[121.41785054000002,23.680986110000049],[121.41812890200003,23.681004286000075],[121.41860751600007,23.681035457000064],[121.41888241300001,23.681052923000038],[121.41891792600006,23.681055601000025],[121.41898960300011,23.681060247000062],[121.4190090510001,23.681061702000022],[121.41905233700004,23.681064394000032],[121.41911144100004,23.681068098000026],[121.41972588200008,23.681106202000024],[121.41978849700001,23.681110096000054],[121.41983097900004,23.681112897000048],[121.42011108800011,23.681131389000029],[121.42020847900005,23.681137816000046],[121.42025222600012,23.681140704000029],[121.42055386300001,23.681161133000046],[121.4207961190001,23.681177532000049],[121.42083416900005,23.681179975000077],[121.42086005900001,23.681181656000035],[121.42104868000001,23.681193903000064],[121.42122524000001,23.681205360000035],[121.42139375700003,23.681215945000076],[121.42173283500006,23.681220404000044],[121.42181348100007,23.681221458000039],[121.42203641900005,23.681224390000068],[121.42236731000003,23.68122872500004],[121.42319953000003,23.681238662000055],[121.42338131500003,23.681240648000028],[121.42357337400006,23.681227951000039],[121.42399775500007,23.681229923000046],[121.42429178900011,23.681231303000061],[121.42471929200008,23.681203837000055],[121.4249180920001,23.681192070000066],[121.4257842510001,23.680901142000039],[121.42671735700003,23.680579645000023],[121.42739974300002,23.680399624000074],[121.42901441200001,23.679881698000031],[121.43125466800007,23.679225791000079],[121.43316077200006,23.678695769000058],[121.43419030100006,23.678398929000025],[121.43740917400009,23.67734129400003],[121.43958027700012,23.676454930000034],[121.44275286400011,23.675144930000044],[121.44423057100005,23.674553887000059],[121.44681997500004,23.673487996000063],[121.4482065740001,23.672959735000063],[121.44928514600008,23.672613389000048],[121.44964311000001,23.672149654000066],[121.44961312700002,23.672011338000061],[121.44958251900005,23.671891001000063],[121.4495862230001,23.671708672000022],[121.44958436400009,23.671556056000043],[121.44948401000011,23.670813168000052],[121.44946068000002,23.670698945000026],[121.44940030100008,23.670303936000039],[121.44934167400004,23.670035467000048],[121.44927791800001,23.669624764000048],[121.44924579700012,23.669300537000026],[121.44885966300001,23.668910349000043],[121.44769435900002,23.668607775000055],[121.44741308500011,23.668494043000067],[121.44715553600008,23.668385004000072],[121.44676240300009,23.668230831000074],[121.44645718800007,23.668162172000052],[121.44618247200003,23.668101958000022],[121.44590775600011,23.66804174400005],[121.44570793900004,23.667998687000079],[121.44550812300008,23.667955630000051],[121.44516884000006,23.667883622000033],[121.44482955800004,23.667811613000026],[121.4444602850001,23.667736367000032],[121.44409101300005,23.667661119000059],[121.44387585400011,23.667617784000072],[121.44366069500006,23.667574448000039],[121.44350538800006,23.66756336900005],[121.44341364900004,23.667563027000028],[121.4433219120001,23.667562684000075],[121.44318042600003,23.667567342000041],[121.44303894200004,23.667571999000074],[121.44281692200002,23.667607435000036],[121.44265902500001,23.667426947000024],[121.44248243800007,23.667486651000047],[121.44237306400009,23.667520129000025],[121.44228706700005,23.667546254000058],[121.44223114500005,23.667560370000047],[121.44217522400004,23.667574485000046],[121.44209934800006,23.667592065000065],[121.44202347500004,23.667609646000074],[121.44185916300012,23.667640744000039],[121.44184014300004,23.667649114000028],[121.44177024900011,23.667664426000044],[121.4417579740001,23.667667116000075],[121.44170035800005,23.667679736000025],[121.44153233800012,23.667698550000068],[121.44136431800007,23.667717363000065],[121.44117827500008,23.667714398000044],[121.44083271700003,23.667635504000032],[121.44042047100004,23.667575572000032],[121.4402142350001,23.667523839000069],[121.43987896800002,23.667402636000077],[121.43968632400004,23.667316624000023],[121.43955794300007,23.667248055000073],[121.43937355000003,23.667140464000056],[121.43900525400011,23.666845376000026],[121.4379022820001,23.665905182000074],[121.43756564700004,23.665662698000062],[121.43722901300009,23.665420214000051],[121.43691480600012,23.665194101000054],[121.43678254000008,23.66510031100006],[121.43649248500003,23.66489017400005],[121.43614620700009,23.664638378000063],[121.43547345100001,23.664144850000071],[121.43507239300004,23.663838675000022],[121.43492942575438,23.663730610582821],[121.43478296291167,23.663627333347637],[121.43463316470095,23.663528956278839],[121.43448019500011,23.663435587000038],[121.43398785600004,23.663133509000033],[121.43347342600009,23.662820405000048],[121.43343824500005,23.662802198000065],[121.43332795200001,23.662745115000064],[121.43329658300001,23.66272766700007],[121.43315609295666,23.662661815673225],[121.4330129937141,23.662601845211256],[121.43286753131667,23.662547858727159],[121.43271995587192,23.66249994904511],[121.43257052112052,23.662458198540843],[121.43241948400009,23.662422679000031],[121.43209006900008,23.662366881000025],[121.43175635900002,23.66234049600007],[121.43170179800006,23.662338914000031],[121.43135936600004,23.662348952000059],[121.43127772700007,23.66235580700004],[121.43119607400001,23.66236410700003],[121.43110387400009,23.662375921000034],[121.4310194840001,23.662389701000052],[121.43098677900002,23.662395083000035],[121.43095673000005,23.662400577000028],[121.43088933700005,23.662413856000057],[121.43082521100007,23.66242778700007],[121.43075844800001,23.662443617000065],[121.43069168700004,23.662459446000071],[121.43062553800007,23.662477292000062],[121.43055939100009,23.662495138000054],[121.43052207800008,23.662506267000026],[121.43049319600004,23.662514836000071],[121.43046431400012,23.662523404000069],[121.43036386000006,23.662553192000075],[121.43026340600011,23.66258298200006],[121.43004853100001,23.662646704000053],[121.42983365600003,23.662710428000025],[121.42979808500002,23.662720974000024],[121.42975070300008,23.662735020000071],[121.42969072953109,23.662757872397684],[121.42963239903068,23.662784641816458],[121.42957596700012,23.662815211000066],[121.42951363700001,23.662848035000025],[121.42945353100004,23.662883427000054],[121.42939870600003,23.662917901000071],[121.42936543100006,23.662940956000057],[121.42933215500011,23.662964011000042],[121.42930137600001,23.662987615000077],[121.42927059800002,23.663011218000065],[121.42924067000001,23.663035537000042],[121.42923257400003,23.663042079000036],[121.42921527500005,23.663057067000068],[121.42919797800005,23.663072054000054],[121.42918991400006,23.663079508000067],[121.42917573700004,23.663092640000059],[121.42916156100011,23.663105773000041],[121.42914940500009,23.66311779800003],[121.42914621900002,23.663120953000032],[121.42894762500009,23.663040032000026],[121.4288925620001,23.663090565000061],[121.42908126100008,23.663171367000075],[121.42896809600006,23.663248013000043],[121.42888513300011,23.66330862500007],[121.42880305100005,23.663366074000066],[121.42869396900005,23.663438118000045],[121.42866929100001,23.663453401000027],[121.42863692100002,23.663473446000069],[121.42851192400008,23.663547060000042],[121.42845552900008,23.663572147000025],[121.42839913300008,23.663597234000065],[121.42834645400001,23.663619409000034],[121.42829377500004,23.663641582000025],[121.42824279000001,23.663662157000033],[121.42819180700008,23.663682732000041],[121.42813395900009,23.663704230000064],[121.42809244500006,23.663720116000036],[121.42805093000004,23.663736000000029],[121.42797690100008,23.663761651000073],[121.42790497700003,23.663783828000078],[121.42784768700005,23.663798984000039],[121.42779006900003,23.663812977000077],[121.42773740200005,23.663824058000046],[121.4276833990001,23.66383114100006],[121.42762939600004,23.663838225000063],[121.42759195400004,23.663842109000029],[121.42755451400001,23.663845990000027],[121.42750397200007,23.663850265000065],[121.42745343000001,23.663854540000045],[121.42739578674858,23.66385969531866],[121.42733791400008,23.663859437000042],[121.42724107842753,23.663859559633185],[121.42714430600006,23.663856061000047],[121.42704530691817,23.663848617607741],[121.42694688900008,23.663835574000075],[121.42683082500002,23.66381390600003],[121.42677606668602,23.663800933991574],[121.42672066000011,23.663791093000043],[121.42665729069408,23.663775252566268],[121.42659444100002,23.663757462000035],[121.42651389100001,23.663731551000069],[121.42644681000002,23.663708430000042],[121.42626652100012,23.663640092000037],[121.42619002900005,23.66361100000006],[121.42608030600002,23.663567210000053],[121.42587146000005,23.663480718000073],[121.42582912100011,23.663462901000059],[121.42582564400004,23.663461381000047],[121.42582532200004,23.66346124100005],[121.42567205500006,23.663394210000035],[121.42551499000001,23.663325518000079],[121.42550060600001,23.663318659000026],[121.4254339900001,23.663287508000053],[121.42524793400003,23.663202922000039],[121.42520821900007,23.663184357000034],[121.4249743040001,23.663072361000047],[121.42484950500011,23.663007763000053],[121.42453519900005,23.662845788000027],[121.42429740400007,23.662719055000025],[121.42429082500007,23.662715606000063],[121.42425672000002,23.662697568000056],[121.42396940000003,23.662546644000031],[121.42371307200006,23.662412015000029],[121.42358655800001,23.662344033000068],[121.42347001600001,23.662276944000041],[121.42328769000005,23.662171441000055],[121.42317572900004,23.662107395000078],[121.42315836300008,23.66209746100003],[121.42293391300007,23.661967764000053],[121.42281573100001,23.661899325000036],[121.42280015400002,23.661890364000044],[121.42276710400006,23.661871040000051],[121.4225943460001,23.661771443000077],[121.4225535060001,23.661747201000026],[121.42246539900009,23.661696414000062],[121.42237729100009,23.661645627000041],[121.4221746820001,23.661529257000041],[121.42209715900003,23.661484702000052],[121.42205163400001,23.661457601000052],[121.42190418300004,23.661371551000059],[121.42175673200006,23.661285501000066],[121.42172521300006,23.661266498000032],[121.42164437100007,23.661219010000025],[121.42156352900008,23.661171520000039],[121.42149486800008,23.661131813000054],[121.42136725800003,23.661079146000077],[121.42116733500006,23.660997175000034],[121.42111724800009,23.660976638000022],[121.42106217724989,23.660956863364465],[121.42100551952069,23.660942244012269],[121.42094775628645,23.660932904177816],[121.42088937841568,23.660928923230458],[121.42083088200002,23.660930335000046],[121.4208124380001,23.660766712000054],[121.42066341000009,23.660777808000034],[121.42067600200005,23.660960712000076],[121.42064568600006,23.660973606000027],[121.42033264300005,23.661106742000072],[121.42030812900009,23.661117168000033],[121.42025476900005,23.661139861000038],[121.42020808700011,23.661159715000053],[121.41985237500012,23.661310998000033],[121.41952455700005,23.661416725000038],[121.41950414100006,23.661424133000025],[121.41948003100003,23.661431241000059],[121.41945741800009,23.66143838000005],[121.41940152100005,23.66145640600007],[121.41917650700009,23.661471165000023],[121.4191233140001,23.66148006800006],[121.41905929400002,23.661490779000076],[121.41900654500012,23.661497685000029],[121.41888908700003,23.66150792600007],[121.41875044000005,23.661507732000075],[121.41872549900006,23.661498029000029],[121.41865431800011,23.661473082000043],[121.41848875800008,23.66140710600007],[121.41827759300008,23.661313350000057],[121.41815456300003,23.66125158400007],[121.41802538700006,23.661174385000038],[121.41793942200002,23.661127644000032],[121.41782881300003,23.661059821000038],[121.41774101100009,23.661002773000064],[121.41762101800009,23.660918577000075],[121.41746103500009,23.660793159000036],[121.41740363700001,23.66074978100005],[121.41734188800001,23.660700610000049],[121.41723322200005,23.660614441000064],[121.41717139800005,23.660560284000042],[121.41708925600005,23.660482451000064],[121.41693068200004,23.660318914000072],[121.41682652700001,23.660205320000046],[121.41672094600005,23.660087060000023],[121.41662741500011,23.659972543000038],[121.4164437820001,23.659730540000055],[121.41629382100007,23.659512388000053],[121.41615732000002,23.659288379000031],[121.41609791400003,23.65918610500006],[121.41594520400008,23.65881446800006],[121.41587491200005,23.658664310000063],[121.41582814100002,23.658545938000032],[121.4157336610001,23.658267079000041],[121.41569808200006,23.658141924000063],[121.41568032700002,23.658076061000031],[121.41567091900004,23.658030441000051],[121.4156521540001,23.657921095000063],[121.41563710900004,23.657810330000075],[121.4156266650001,23.657703770000069],[121.41562527100007,23.657560408000052],[121.41559917100005,23.657301159000042],[121.4156060360001,23.657010661000072],[121.41561068700003,23.656900493000023],[121.41560294700002,23.656777465000062],[121.41561327300008,23.656719845000055],[121.41562019000003,23.656684520000056],[121.41558019900003,23.656391104000022],[121.41553264100003,23.656088552000028],[121.41553764000003,23.656051390000073],[121.41551393200007,23.655953581000063],[121.4154854950001,23.655832692000047],[121.4154594690001,23.655761552000058],[121.41542942300009,23.655727175000038],[121.41531750600006,23.655581607000045],[121.41536993500006,23.655495810000048],[121.41536436900003,23.655456085000026],[121.41535720000002,23.655424882000034],[121.41534642800002,23.655377980000026],[121.41531788900011,23.655283776000033],[121.41527239100003,23.655112476000056],[121.41522302900012,23.655037547000063],[121.41517610000005,23.654966297000044],[121.41509982600007,23.654571925000027],[121.4149353040001,23.654402822000065],[121.41477390300008,23.654272160000062],[121.41451607100009,23.653788147000057],[121.41443395700003,23.653634000000068],[121.41401566600007,23.653589039000053],[121.41420528500009,23.653267603000074],[121.41408421600011,23.652909511000075],[121.41393615100003,23.65247157500005],[121.41382742100006,23.652290755000024],[121.41358138200007,23.651729431000035],[121.41328350500009,23.651277925000045],[121.41315501000008,23.651083052000047],[121.41282131200001,23.650577179000038],[121.41281753200008,23.650571454000044],[121.41269834700006,23.650580201000025],[121.41271778300006,23.650451474000079],[121.41263576500012,23.650419193000062],[121.41261292500008,23.650416492000033],[121.41272344800007,23.650241868000023],[121.41266961800011,23.650133924000045],[121.4125573020001,23.649999274000038],[121.41251886600003,23.649955156000033],[121.41251634300011,23.649928858000067],[121.41249943500009,23.649715173000061],[121.41249009100011,23.649597100000051],[121.41249158400001,23.649507222000068],[121.41261922100011,23.649623270000063],[121.41267642000003,23.649676679000038],[121.41277055000012,23.649764570000059],[121.41287726900009,23.649867976000053],[121.41305048400011,23.65004841800004],[121.41310895400011,23.650113799000053],[121.4139641050001,23.649888194000027],[121.41395716900001,23.649865820000059],[121.41374392500006,23.649177829000052],[121.41369502700002,23.649020071000052],[121.41365868600008,23.648900315000049],[121.41356316400004,23.648585528000069],[121.41347709700005,23.648309960000063],[121.41345955100007,23.648253760000046],[121.41344289600011,23.648200447000079],[121.41334378900001,23.647879899000031],[121.41329381900005,23.647717956000065],[121.4132266470001,23.647500273000048],[121.4131732840001,23.64733155700003],[121.41316617400003,23.647308766000037],[121.4132021690001,23.647296679000078],[121.41313601500008,23.647080867000057],[121.41293823700005,23.646435651000047],[121.41286335100006,23.646191346000023],[121.41278442100008,23.645971275000022],[121.41270576800002,23.645771898000078],[121.41268645500008,23.645722943000067],[121.41258751300006,23.645509966000077],[121.41251675600006,23.645373696000036],[121.41240583400008,23.64517575900004],[121.41227529800005,23.644942956000023],[121.41218436400004,23.644786331000034],[121.41208131900009,23.644618018000074],[121.41197502600005,23.644460983000045],[121.41184082500001,23.644194020000043],[121.41181710300009,23.644133989000068],[121.41166127100007,23.643889117000072],[121.41151512500005,23.643719617000045],[121.41085988400005,23.642850891000023],[121.41080502000011,23.642781378000052],[121.41070718600008,23.642669351000052],[121.41062038200005,23.642574584000045],[121.41059868000002,23.642492506000053],[121.41053226000008,23.642401581000058],[121.41050042800009,23.642120307000027],[121.4104710470001,23.641880180000044],[121.41044394000005,23.641676199000074],[121.41041893200008,23.641503360000058],[121.41039584900011,23.641356663000067],[121.41037451300008,23.641231101000074],[121.41035474900002,23.641121676000068],[121.4103363800001,23.641023386000029],[121.41031918200008,23.640931659000046],[121.41030271800003,23.64084368400006],[121.4102865000001,23.640757073000032],[121.41027004500006,23.640669442000046],[121.4102528630001,23.640578412000025],[121.41023446700001,23.640481601000033],[121.41021437400002,23.640376623000066],[121.41019209600006,23.640261096000074],[121.41016576300001,23.640130358000079],[121.41012799200007,23.639970608000056],[121.41008765200002,23.639853166000023],[121.40995622100002,23.639424748000067],[121.40991851800004,23.639356502000055],[121.40982689800001,23.639059112000041],[121.40968717900012,23.638719948000073],[121.40967290300011,23.638685529000043],[121.40913440600002,23.63769469600004],[121.40902282700006,23.637475736000056],[121.40900731300007,23.637445486000047],[121.40897021880576,23.637379985958393],[121.40892710681534,23.63731828027802],[121.40887836210692,23.63726092011667],[121.4088244200703,23.637208417817728],[121.40876576251803,23.637161242333942],[121.40870291338184,23.637119815038723],[121.40863643403287,23.63708450596242],[121.40856691826748,23.637055630487193],[121.40849498700339,23.637033446530005],[121.40842128273373,23.637018152238902],[121.40834646378811,23.637009884223133],[121.40827119845251,23.637008716332968],[121.40819615900011,23.637014659000045],[121.40620699700003,23.637229755000078],[121.40491096800008,23.637249901000075],[121.40445993100002,23.637230470000077],[121.40414545800002,23.637219096000024],[121.40396293300012,23.637213956000039],[121.40367722200006,23.637207260000025],[121.40353036800002,23.637200752000069],[121.40210816300009,23.637137706000033],[121.40168881700004,23.637120534000076],[121.40127379300009,23.63711186300003],[121.40111316500008,23.637148711000066],[121.40093994500012,23.63721539200003],[121.40077943500012,23.637299516000041],[121.40062181100006,23.637396745000046],[121.40045725000004,23.637502741000048],[121.40027593100001,23.637613173000034],[121.4000680260001,23.637723700000038],[121.39953500500008,23.638005084000042],[121.39916642500009,23.638202073000059],[121.39882437400001,23.638343880000036],[121.39850717100001,23.638441053000065],[121.39821313400012,23.638504136000051],[121.39794057800009,23.638543678000076],[121.39768798200009,23.638568777000046],[121.39745445900007,23.638582735000057],[121.39723928900003,23.638587409000024],[121.39704174400003,23.638584651000031],[121.39686110500008,23.638576315000023],[121.39669664500002,23.638564260000066],[121.39654764200009,23.638550336000037],[121.3964133720001,23.638536399000031],[121.39629288800006,23.638523957000075],[121.39618437100012,23.638513128000056],[121.39608576700005,23.638503681000032],[121.39599503600004,23.638495387000034],[121.39591012700009,23.638488017000043],[121.39582899800007,23.638481341000045],[121.39574959900006,23.638475131000064],[121.39566988700005,23.638469156000042],[121.39558823700008,23.638463240000078],[121.39550472200006,23.638457412000037],[121.39541983400011,23.638451759000077],[121.39533407100009,23.63844636500005],[121.39524792400005,23.638441311000065],[121.39516188900006,23.638436683000066],[121.39507646000004,23.638432563000038],[121.39499213400006,23.638429037000037],[121.3949092690001,23.63842616900007],[121.39482771000007,23.638423939000063],[121.39474716500001,23.638422309000077],[121.39466734100006,23.638421243000039],[121.39458794900008,23.63842070000004],[121.3945086980001,23.638420646000043],[121.39442929500001,23.638421037000057],[121.39434945100004,23.638421838000056],[121.3942688730001,23.638422971000068],[121.3941872580001,23.638424199000042],[121.39410430500004,23.638425248000033],[121.39401970600011,23.638425842000061],[121.39393316300004,23.638425702000063],[121.39384437000001,23.638424555000029],[121.39375302500002,23.638422127000069],[121.39365882100003,23.638418138000077],[121.39356151800007,23.638412436000067],[121.39346111800012,23.638405361000025],[121.39319421100004,23.638320371000077],[121.39302119800004,23.638237116000028],[121.39286577300004,23.638149970000029],[121.39272537300008,23.638057096000068],[121.39259743500008,23.63795665400005],[121.39247940000007,23.637846805000038],[121.39236870400009,23.637725707000072],[121.39258073000008,23.636649491000071],[121.39265403700006,23.636616767000078],[121.39298694000001,23.636462669000025],[121.39321946500002,23.636229055000058],[121.39348772100004,23.635994885000059],[121.39369845700003,23.635801024000045],[121.39388792900002,23.635631103000037],[121.39406001900011,23.635483064000027],[121.39421860800007,23.635354842000027],[121.39436757500005,23.635244378000039],[121.39451080300012,23.635149609000052],[121.39465169200002,23.635068570000044],[121.39479174100006,23.634999668000034],[121.3949319620001,23.634941407000042],[121.39507337600003,23.634892285000035],[121.39524699500009,23.634825981000063],[121.39551494200009,23.634784799000045],[121.39567129700004,23.634757267000055],[121.3958335100001,23.634731859000055],[121.39600051200011,23.634709411000074],[121.39617081800009,23.634691234000059],[121.39634293200004,23.634678638000025],[121.39651537100008,23.634672933000047],[121.39668664600003,23.634675425000069],[121.39685526700009,23.634687424000049],[121.39701974500008,23.634710240000061],[121.39717891900011,23.634744500000068],[121.39733294700011,23.634788103000062],[121.39748231200008,23.634838266000031],[121.39762749600004,23.634892205000028],[121.39776898300011,23.63494713700004],[121.39800960300011,23.635027363000063],[121.3981721130001,23.635074042000042],[121.39821613000004,23.635072870000045],[121.39833393600009,23.635070542000051],[121.39851160300009,23.635068602000047],[121.39873520800006,23.635068604000026],[121.39899082000011,23.635072093000076],[121.39926451600002,23.635080618000075],[121.39954236500012,23.635095728000067],[121.39981044400008,23.635118973000033],[121.40005776500004,23.635151259000054],[121.40028508100011,23.635190929000032],[121.40049609500011,23.635235684000065],[121.40069449900011,23.635283223000044],[121.40088398900002,23.635331251000025],[121.40106826400006,23.635377464000044],[121.40125101900003,23.635419565000063],[121.40143594900007,23.635455255000068],[121.40162568900007,23.635482787000058],[121.4018186290001,23.635502617000043],[121.40201209100007,23.635515756000075],[121.40220340200005,23.635523216000024],[121.40238988800002,23.635526001000073],[121.40256887300006,23.635525125000072],[121.40273768500003,23.635521595000057],[121.40289365000001,23.635516424000059],[121.40303532300004,23.635510484000065],[121.40316618700001,23.635504121000054],[121.40329096400001,23.635497545000078],[121.40341436600011,23.635490964000041],[121.40354110900012,23.635484590000033],[121.40367591100005,23.635478628000044],[121.40382348600008,23.635473292000029],[121.40398855300009,23.63546879200004],[121.4041734330001,23.635465325000041],[121.40437088500005,23.635463062000042],[121.40457127700006,23.635462164000046],[121.40476497100008,23.635462787000051],[121.4049423350001,23.635465095000029],[121.40509373200007,23.635469245000024],[121.40520953100008,23.635475399000029],[121.40528009700006,23.635483717000056],[121.40546433300005,23.635433470000066],[121.40581357200006,23.635392781000064],[121.40605956100001,23.635309125000049],[121.40607847600006,23.635343886000044],[121.40612632200009,23.63546324400005],[121.40621621300011,23.635451838000051],[121.40624066400005,23.635473058000059],[121.40630559100009,23.635445645000061],[121.40642741800002,23.635419310000032],[121.40650067200011,23.63540032700007],[121.40654578700003,23.635365182000044],[121.40663835200007,23.635334401000023],[121.40645246500003,23.634925809000038],[121.40653797700008,23.634924040000044],[121.40665844400007,23.634921548000023],[121.4067138580001,23.634920898000075],[121.40697201400008,23.634902648000036],[121.4068902570001,23.63458683600004],[121.40681493900001,23.634474079000029],[121.40711263700007,23.634362321000026],[121.40712839700006,23.634355932000062],[121.40721577500005,23.634305424000047],[121.40648864600007,23.633444612000062],[121.40640381700007,23.633392362000052],[121.40584947100001,23.632920366000064],[121.40558010200004,23.632676977000074],[121.40540689800002,23.632521069000063],[121.40524720500002,23.632398255000055],[121.40448957300009,23.63177623200005],[121.40419948900001,23.631612408000024],[121.40361441400012,23.631301204000067],[121.40315061300009,23.631102308000038],[121.40244726900005,23.630800677000025],[121.40160836100006,23.630458763000036],[121.40176803600002,23.630213784000034],[121.39942652900004,23.628773741000032],[121.39891325600001,23.628450821000058],[121.39859319100003,23.628240627000025],[121.39829772100006,23.628042846000028],[121.39809160200002,23.627894100000049],[121.39762752400009,23.627545036000072],[121.39722517600001,23.627237182000044],[121.39682354400009,23.62691181100007],[121.39622996300011,23.62642726100006],[121.39579738300006,23.626072973000078],[121.3954292730001,23.625789232000045],[121.39511408100009,23.625565309000024],[121.3948402420001,23.625390474000028],[121.39459619700006,23.625253994000047],[121.39437038900007,23.625145143000054],[121.39415125500011,23.62505318500007],[121.39392724200002,23.62496739200003],[121.39368943000011,23.624879113000077],[121.39343948800001,23.62478803700003],[121.39318172100002,23.62469592900004],[121.39292044100011,23.624604560000023],[121.39265995500011,23.624515694000024],[121.39240457200003,23.624431101000027],[121.39215860000002,23.624352549000037],[121.39192634900007,23.624281807000045],[121.39198692600007,23.62411005000007],[121.39198042500004,23.624008316000072],[121.39196161500001,23.623910859000034],[121.39193249000004,23.623817956000039],[121.39189504700005,23.623729881000031],[121.39185128300005,23.623646906000033],[121.39180318900003,23.623569307000025],[121.39175276200001,23.62349735600003],[121.39170199500006,23.623431330000074],[121.39165253300007,23.623371332000033],[121.39160459600009,23.623316804000069],[121.39155805500002,23.623267011000053],[121.3915127790001,23.623221227000045],[121.39146863700012,23.623178721000045],[121.39142549900009,23.623138760000074],[121.39138323400005,23.623100616000045],[121.39134171400008,23.623063561000038],[121.39130083600003,23.623026940000045],[121.39126061100001,23.622990420000065],[121.3912210850001,23.622953748000043],[121.39118229900009,23.622916664000059],[121.3911442970001,23.622878918000026],[121.39110712100012,23.62284025200006],[121.39107081400005,23.622800408000046],[121.39103541800011,23.622759135000024],[121.39100097400001,23.622716225000033],[121.39096751300008,23.622671667000077],[121.39093506400002,23.622625501000073],[121.39090365600009,23.622577764000027],[121.39087331500002,23.622528496000029],[121.39084407300004,23.622477735000075],[121.3908159560001,23.622425517000067],[121.39078899500009,23.622371884000074],[121.39076319300011,23.622316905000048],[121.39073845100006,23.622260767000057],[121.39071464300002,23.622203691000038],[121.39069164900002,23.622145898000042],[121.39066934300001,23.622087607000026],[121.39064760100007,23.622029040000029],[121.3906263020001,23.621970416000067],[121.39060531900009,23.621911953000051],[121.39058455800011,23.621853840000028],[121.39056403400002,23.621796130000064],[121.39054378700007,23.621738837000066],[121.39052386200001,23.621681986000056],[121.39050430000009,23.621625593000033],[121.39048514300009,23.621569678000071],[121.39046643300003,23.621514258000047],[121.39044821400012,23.621459354000024],[121.39043043000004,23.621404927000071],[121.3904126220001,23.621350720000066],[121.39039423400004,23.621296412000049],[121.39037471300003,23.621241693000059],[121.39035350400002,23.621186243000068],[121.39033004900011,23.621129748000044],[121.39030379300004,23.621071891000042],[121.39027418300009,23.621012357000041],[121.39024083300001,23.620950912000069],[121.3902040370001,23.620887647000075],[121.39016425800003,23.620822732000079],[121.39012196300007,23.620756344000029],[121.39007761900007,23.620688650000034],[121.39003168800002,23.620619828000031],[121.38998463700011,23.620550046000062],[121.38993692800011,23.62047947800005],[121.38988901900007,23.620408327000064],[121.38984130200004,23.620336914000063],[121.38979416600012,23.620265590000031],[121.38974799800008,23.620194706000063],[121.38970318200006,23.620124611000051],[121.38966010700005,23.620055660000048],[121.38961915700008,23.619988200000023],[121.38958071500008,23.61992258600003],[121.3895451090001,23.619859069000029],[121.38951242600001,23.619797515000073],[121.3894826830001,23.619737698000051],[121.38945590700007,23.619679381000026],[121.38943212200002,23.619622340000035],[121.38941134700008,23.619566340000063],[121.38939361000007,23.61951115200003],[121.38937892900003,23.619456547000027],[121.38936735400011,23.61940217700004],[121.38935900600006,23.619347229000027],[121.38935403500011,23.619290776000071],[121.38935258700008,23.619231890000037],[121.38935480800001,23.619169642000031],[121.38936084800002,23.619103104000033],[121.38937085200007,23.619031347000032],[121.38938496700007,23.618953443000066],[121.3894031100001,23.618868410000061],[121.38942428100006,23.618775033000077],[121.38944724200007,23.61867204400005],[121.38947076000011,23.618558174000043],[121.38949360600009,23.618432157000029],[121.38951454200003,23.618292723000025],[121.38953233800009,23.61813860500007],[121.38954576100002,23.617968533000067],[121.38955362700005,23.61778122100003],[121.38955497500001,23.617575317000046],[121.38954889200011,23.617349446000048],[121.38953446200003,23.617102242000044],[121.38951077600007,23.616832329000033],[121.38947692300007,23.616538340000034],[121.38942283400002,23.61615383700007],[121.38907111600008,23.616214847000037],[121.38899635700011,23.616258602000073],[121.38891262700008,23.616331407000075],[121.38884260500004,23.616415766000046],[121.38877699300008,23.616507253000066],[121.38870648800003,23.616601434000074],[121.38862178800002,23.616693879000024],[121.38851592100002,23.616781330000038],[121.38839122200011,23.616865219000033],[121.38825235000002,23.616948147000073],[121.38810397000009,23.617032718000075],[121.38795074100005,23.617121532000056],[121.38779732900002,23.617217197000059],[121.38764839400005,23.617322314000035],[121.38750860000005,23.617439486000023],[121.38738155200008,23.617570345000047],[121.38726664900003,23.617712641000026],[121.3871622260001,23.617863152000041],[121.38706662700008,23.618018659000029],[121.38697819600009,23.618175940000071],[121.38689526700011,23.618331773000023],[121.38681618600003,23.618482939000046],[121.38673929100003,23.618626213000027],[121.38666280700011,23.618759072000046],[121.38658449100001,23.618881761000068],[121.38650198400001,23.618995221000034],[121.38641292400007,23.619100390000028],[121.38631495400011,23.619198211000025],[121.38620571400008,23.619289625000079],[121.38608284200006,23.619375568000066],[121.38594398000009,23.619456986000046],[121.38578787300003,23.619534495000039],[121.3856176590001,23.619607424000037],[121.38543758900005,23.619674786000076],[121.3852519080001,23.619735591000051],[121.38506486500012,23.619788847000052],[121.38488070300002,23.619833565000079],[121.38470366900003,23.619868753000048],[121.38453800900004,23.619893421000029],[121.38438695400009,23.619906762000028],[121.38424965400009,23.619908682000073],[121.38412424800003,23.619899273000044],[121.38400887000012,23.619878627000048],[121.38390165700002,23.619846829000039],[121.38380074200006,23.619803974000035],[121.38370426200004,23.619750149000026],[121.38361035100002,23.619685445000073],[121.38351763900005,23.619610016000024],[121.38342671100008,23.619524269000067],[121.38333864800006,23.619428674000062],[121.38325453000004,23.619323702000031],[121.3831754360001,23.619209826000031],[121.38310244400009,23.619087514000057],[121.38303663700003,23.618957236000028],[121.38297909000005,23.618819469000073],[121.38293007700008,23.618674759000044],[121.38288662900004,23.618523997000068],[121.38284496500012,23.618368153000063],[121.38280131200008,23.618208197000058],[121.38275189100011,23.618045097000049],[121.38269292300004,23.617879825000045],[121.38262063500008,23.617713354000045],[121.3825312460001,23.61754664700004],[121.38242230600008,23.617380934000039],[121.38229667000007,23.617218454000067],[121.38215851900009,23.617061705000026],[121.38201203300002,23.616913186000033],[121.3818613950001,23.616775392000022],[121.38171078500011,23.616650822000054],[121.38156438500005,23.616541971000061],[121.38142637400006,23.616451336000068],[121.38129967700002,23.616380536000065],[121.38118216900011,23.616327675000036],[121.38107047100004,23.616289977000065],[121.38096120600005,23.616264667000053],[121.3808509910001,23.616248967000047],[121.38073644600001,23.616240103000052],[121.38061419300004,23.616235299000039],[121.38048085100002,23.616231781000067],[121.38033355900006,23.616227031000051],[121.38017154600004,23.616219577000038],[121.37999456400007,23.616208209000035],[121.37980235400005,23.616191712000045],[121.37959466900008,23.616168874000039],[121.37937125500002,23.616138482000054],[121.37913186200001,23.616099327000029],[121.37887623900008,23.616050192000046],[121.37860323300004,23.615990579000027],[121.37830809900004,23.615922806000071],[121.3779851920001,23.615849915000069],[121.3776288680001,23.615774936000037],[121.37723348100008,23.61570090400005],[121.37679338800001,23.615630856000053],[121.37630293800009,23.615567825000028],[121.37575649400003,23.615514843000028],[121.37564281700008,23.615503932000024],[121.37544059100003,23.61548003300004],[121.37525954600005,23.615454584000076],[121.37509588500006,23.615428136000048],[121.37494582300008,23.615401231000078],[121.37480556100002,23.615374417000055],[121.37467131400001,23.615348241000049],[121.37453990200004,23.615323155000056],[121.37441061100003,23.615299254000035],[121.37428333900004,23.615276536000067],[121.37415799200005,23.615255004000062],[121.37403446700012,23.615234658000077],[121.37391266200007,23.615215499000044],[121.37379248200011,23.615197528000067],[121.37367382400009,23.615180746000078],[121.37355669200008,23.615165164000075],[121.37344150700005,23.615150829000072],[121.37332878800009,23.61513780100006],[121.37321905900001,23.615126138000051],[121.37311284300006,23.615115897000067],[121.37301066200007,23.615107138000042],[121.37291303800009,23.615099919000045],[121.37282049300006,23.615094297000041],[121.37273340100012,23.615090270000053],[121.37265154600004,23.615087575000075],[121.37257456200007,23.61508589400006],[121.37250208800003,23.615084903000024],[121.37243375500009,23.615084283000044],[121.37236920200007,23.615083711000068],[121.37230806500008,23.615082864000044],[121.37224997600003,23.615081423000049],[121.37219446900008,23.615079183000034],[121.37214064900002,23.615076428000066],[121.37208751900005,23.615073552000069],[121.37203407900006,23.615070957000057],[121.37197933400012,23.615069040000037],[121.37192228400011,23.615068203000078],[121.37186193100001,23.615068843000074],[121.37179727700004,23.615071356000044],[121.37172760400006,23.615076054000042],[121.37165330000005,23.615082871000027],[121.37157503700007,23.615091647000042],[121.3714934840001,23.615102231000037],[121.37140930700002,23.615114462000065],[121.3713231800001,23.615128184000071],[121.37123577000011,23.615143242000045],[121.37114774500003,23.615159477000077],[121.37105970000005,23.615176743000063],[121.37097191700002,23.615194931000076],[121.37088460400003,23.615213942000025],[121.37079796900002,23.615233677000049],[121.37071221400004,23.615254036000067],[121.3706275510001,23.615274922000026],[121.3705441840001,23.615296233000038],[121.37046231900001,23.615317873000038],[121.37038202400004,23.615339812000059],[121.37030278800012,23.615362305000076],[121.37022396100008,23.615385684000046],[121.37014489300009,23.615410275000045],[121.37006493600006,23.615436407000061],[121.36998343700009,23.615464404000022],[121.36989974500011,23.615494599000044],[121.36981321300004,23.615527316000055],[121.36972347800008,23.615562685000043],[121.3696313370001,23.615600034000067],[121.36953788200003,23.615638487000069],[121.3694441990001,23.615677174000041],[121.36935137800003,23.615715219000037],[121.36926050300008,23.615751752000051],[121.36917266700004,23.615785897000023],[121.36908895700003,23.615816783000071],[121.36901012600003,23.615843781000024],[121.36893558800011,23.615867240000057],[121.36886442000002,23.615887754000028],[121.36879570200006,23.615905919000056],[121.36872851500004,23.615922327000078],[121.36866193700007,23.615937574000043],[121.36859504500001,23.615952253000046],[121.36852691900003,23.615966960000037],[121.36845693200007,23.615982178000024],[121.3683856350001,23.615997951000054],[121.36831387100005,23.616014216000053],[121.36824248700009,23.616030906000049],[121.36817232700002,23.61604795900007],[121.36810423300005,23.616065308000032],[121.36803905300008,23.616082888000051],[121.36797763000004,23.616100635000066],[121.36792057600007,23.616118516000029],[121.36786756800007,23.616136620000077],[121.3678180500001,23.616155073000073],[121.36777147000009,23.616173995000054],[121.36772727000005,23.616193510000073],[121.36768489500002,23.616213740000035],[121.36764379100009,23.616234806000023],[121.36760340000001,23.616256834000069],[121.36756324400005,23.616279818000066],[121.36752314000012,23.616303259000063],[121.36748298200007,23.616326527000069],[121.3674426660001,23.616348993000031],[121.3674020840001,23.616370031000031],[121.36736113100005,23.61638901300006],[121.36731969900006,23.616405309000072],[121.3672776840001,23.616418296000063],[121.36723503700011,23.616427522000038],[121.36719194800003,23.616433262000044],[121.36714866500006,23.616435973000023],[121.36710543700008,23.616436106000037],[121.36706251400005,23.616434118000029],[121.36702013900003,23.61643046100005],[121.36697856600006,23.616425593000031],[121.36693804100003,23.616419964000045],[121.36689857500005,23.616414020000036],[121.36685923000005,23.616408157000023],[121.36681882500011,23.616402760000028],[121.3667761910001,23.616398214000071],[121.36673014400003,23.616394906000039],[121.36667951400011,23.616393220000077],[121.3666231200001,23.616393543000072],[121.36655978500005,23.616396259000055],[121.36648880000007,23.616401584000073],[121.36641129800012,23.616409067000063],[121.36632888300005,23.616418080000074],[121.36624315400002,23.616428002000077],[121.36615571300001,23.616438210000069],[121.36606815900006,23.616448080000055],[121.36598209400006,23.616456990000074],[121.36589911900012,23.616464314000041],[121.36582042300006,23.616469641000037],[121.36574555900006,23.616473398000039],[121.36567366100007,23.616476224000053],[121.36560387200007,23.616478758000028],[121.36553532800008,23.616481640000075],[121.36546716900011,23.61648550600006],[121.36539853400006,23.616490995000049],[121.36532856300005,23.616498747000037],[121.36525495900003,23.616509859000075],[121.36516969400009,23.616527261000044],[121.36506330900011,23.616554347000033],[121.3649263420001,23.616594507000059],[121.36474932900001,23.616651132000072],[121.36452281000004,23.616727613000023],[121.36423732300011,23.616827342000079],[121.36388340600001,23.61695370700005],[121.36346572000002,23.616108306000058],[121.36350030500012,23.616079009000032],[121.36353861100008,23.616047940000044],[121.36358002000009,23.616015411000035],[121.36362391600005,23.615981746000045],[121.36366968000004,23.615947262000077],[121.36371669700009,23.615912276000074],[121.36376434900001,23.615877109000053],[121.3638120170001,23.615842077000025],[121.36385927900005,23.615807378000056],[121.36390649900011,23.615772724000067],[121.36395423300007,23.615737704000026],[121.36400303700009,23.615701907000073],[121.36405347100003,23.615664925000033],[121.36410609100005,23.615626344000077],[121.36416145600003,23.61558575600003],[121.36422012000003,23.615542750000031],[121.36428240000009,23.615497017000052],[121.36434763900002,23.615448657000059],[121.36441493700011,23.615397874000053],[121.36448339700007,23.615344867000033],[121.36455211500004,23.615289838000024],[121.36462019600003,23.615232990000038],[121.36474847000011,23.615115744000036],[121.36507470400011,23.614964344000043],[121.36509290900005,23.614995129000079],[121.36519438000005,23.615162828000052],[121.36521610900002,23.61519213400004],[121.36522298400007,23.615201418000026],[121.36528304100011,23.615259386000048],[121.36531238500004,23.61527125300006],[121.36534837300007,23.615272369000024],[121.36544422800011,23.615252368000029],[121.36573984600011,23.615131592000068],[121.36587862900001,23.615074893000042],[121.36599748300011,23.615026337000074],[121.36623975200007,23.614927358000045],[121.36628864600004,23.614907386000027],[121.36637465900003,23.614872246000061],[121.3664191580001,23.614854063000053],[121.36649713400004,23.614822211000046],[121.36665358500011,23.614758289000065],[121.36686639900006,23.614671343000055],[121.36696715800008,23.614632578000055],[121.36780456400004,23.614290434000054],[121.36790364100011,23.614249964000066],[121.36822183600009,23.614123378000045],[121.36953340800005,23.613715136000053],[121.36983028600002,23.61363741100007],[121.37014429900012,23.61358253800006],[121.37165013000003,23.613540373000035],[121.37172113000008,23.613540627000077],[121.37249986400002,23.613525559000038],[121.37271166300002,23.613521791000039],[121.37305344300012,23.613573090000045],[121.37314535300004,23.613593629000036],[121.37365684300005,23.613558257000022],[121.37372547900009,23.613554696000051],[121.37414170400007,23.613587456000062],[121.3742118560001,23.613592976000064],[121.37431475700009,23.613597992000052],[121.3751675530001,23.613622761000045],[121.37521507500003,23.613624118000075],[121.37526699800003,23.613625600000034],[121.37569923500007,23.613623805000032],[121.3759618470001,23.613624325000046],[121.37615822700002,23.613632924000058],[121.37671531100011,23.613630716000046],[121.37729037000008,23.613619079000046],[121.37737613000002,23.613613362000024],[121.37785383300002,23.613575819000062],[121.37797688600006,23.613568648000069],[121.37822005200007,23.613554474000068],[121.37852070400004,23.613536946000067],[121.3785657200001,23.613532493000037],[121.37861766300011,23.61352732000006],[121.3796005800001,23.61336529600004],[121.38020548400004,23.613271151000049],[121.38073219300009,23.613179606000074],[121.38114280700006,23.613105177000023],[121.38146673600011,23.613062383000056],[121.38182116300004,23.61301678600006],[121.38197796300005,23.613012138000045],[121.38210329500009,23.613013943000055],[121.38231047000011,23.612997576000055],[121.38263560500002,23.612978878000035],[121.38308478200008,23.612959873000023],[121.3832484400001,23.612951324000051],[121.38329227100007,23.612946972000032],[121.3833717330001,23.612942820000058],[121.3835001110001,23.612940408000043],[121.38409519000004,23.61294368700004],[121.38465873600001,23.612947420000069],[121.38514865800005,23.612951488000078],[121.38570397100011,23.612957983000058],[121.38606313500009,23.612961253000037],[121.38639977600008,23.612963206000074],[121.38694004200011,23.612968425000076],[121.38750539200009,23.612952323000059],[121.38787120100005,23.612959283000066],[121.38840679800001,23.612969376000024],[121.38892665300011,23.612984996000023],[121.38948034400005,23.613003266000078],[121.38989051100009,23.613014942000063],[121.38987058700002,23.612760513000069],[121.38997569000003,23.612872958000025],[121.39001528000006,23.612872913000047],[121.3900152970001,23.612881943000048],[121.39005081100004,23.612881899000058],[121.39005079800006,23.612872869000057],[121.39009038400002,23.612872824000078],[121.39019605300007,23.612747016000071],[121.39065141900005,23.612873251000053],[121.39093166300006,23.61284015800004],[121.39180273300008,23.612741304000053],[121.39258221300008,23.612653487000046],[121.3933655730001,23.612565785000072],[121.39346529400007,23.612107768000044],[121.39415254800008,23.611957705000066],[121.39489295700002,23.611936934000028],[121.3958297910001,23.611889829000063],[121.39735968200011,23.611817568000049],[121.39814068800001,23.611886321000043],[121.39970527200001,23.612123346000033],[121.40057832400009,23.612372077000032],[121.4014141880001,23.612621561000026],[121.40242680200004,23.613042338000071],[121.40387457300005,23.613555179000059],[121.40503790200012,23.614104247000057],[121.40595121800004,23.614676195000072],[121.40664893000007,23.615257675000066],[121.40716545700002,23.615835335000043],[121.40737849700008,23.616088927000078],[121.4076910980001,23.616664013000047],[121.40779261300008,23.616925786000024],[121.40797207600008,23.617411869000023],[121.40810322900006,23.617845157000033],[121.40819655000007,23.618234498000049],[121.40825773000006,23.618593175000058],[121.40829245400005,23.618934474000071],[121.40830641500008,23.619271683000022],[121.40830530100004,23.61961808600006],[121.40829480200011,23.619986966000056],[121.40828060700005,23.620391611000059],[121.40826908100007,23.620847377000075],[121.40826928500007,23.621377901000074],[121.40829095200002,23.622008889000028],[121.40834382100002,23.622766050000052],[121.40843762500003,23.623675089000074],[121.40858210100009,23.624761714000044],[121.40878699000007,23.626051634000078],[121.40930819800008,23.627391851000027],[121.40946069200004,23.627491494000026],[121.40958388800004,23.627569575000052],[121.41009579500007,23.627929507000033],[121.41004736500008,23.628034463000063],[121.40999643300006,23.628186236000033],[121.40994003200001,23.628464595000025],[121.40993352900011,23.628670836000026],[121.40997030400001,23.628948695000076],[121.41000650600006,23.629099064000059],[121.41005815700009,23.629237464000028],[121.41110409700002,23.631049398000073],[121.41160321000007,23.631687190000036],[121.41214539900011,23.632222728000045],[121.41217220100009,23.632249647000037],[121.41342750300009,23.633475829000076],[121.41345740000008,23.633505891000027],[121.41576054800009,23.635768390000067],[121.41649291400006,23.636377864000053],[121.41678061900006,23.636585675000049],[121.41760339700011,23.63714152600005],[121.41791397500003,23.637288095000031],[121.41840868800011,23.637403504000076],[121.41916180600003,23.637627636000047],[121.41953400400007,23.63773840500005],[121.41978200100004,23.637807169000041],[121.41987490300005,23.637835550000034],[121.41996832300003,23.637864086000036],[121.42006657600007,23.638430523000068],[121.4201686990001,23.639019272000041],[121.42020796300005,23.639253574000065],[121.42027677400006,23.63952030300004],[121.42035978200011,23.639791204000062],[121.42046419500002,23.640152289000071],[121.42058251000003,23.640478372000075],[121.4207761350001,23.640672019000078],[121.42180839000002,23.641673852000054],[121.42258673900005,23.642522591000045],[121.42241458800004,23.642651039000043],[121.42247474400006,23.642701663000025],[121.42249138400007,23.64272386500005],[121.42265825700008,23.642600576000063],[121.42269416100009,23.642639725000038],[121.42277864300002,23.642748461000053],[121.42298004200006,23.643007733000047],[121.42329161500004,23.643408703000034],[121.42363098200008,23.643845447000047],[121.42411071800007,23.644200779000073],[121.42414630200005,23.64419644000003],[121.42429183600007,23.644700991000036],[121.42438106000009,23.644822899000076],[121.42500253200001,23.645680097000024],[121.42618135600003,23.647474851000027],[121.42622182400009,23.647519454000076],[121.42622143100004,23.647546463000026],[121.4265365870001,23.648000687000035],[121.42664707500001,23.648158459000058],[121.42670316200008,23.648263959000076],[121.42695192300005,23.64867470300004],[121.42702439900006,23.648792563000029],[121.42710543900012,23.648925076000069],[121.42725512900006,23.649141262000057],[121.42728179200003,23.649183983000057],[121.42733753800007,23.649266038000064],[121.42749019300004,23.64948412800004],[121.42769402900001,23.649739767000028],[121.42805838900006,23.650146763000066],[121.42814666700008,23.65024218700006],[121.42822997200005,23.650331090000066],[121.42833256500012,23.650442885000075],[121.42844127300009,23.650559255000076],[121.42848953000009,23.650605499000051],[121.42873344400004,23.650822161000065],[121.42875528200011,23.650846454000032],[121.42908807200001,23.651184112000067],[121.42911505300003,23.651213744000074],[121.42916504000004,23.65127037600007],[121.42951653500006,23.651704885000072],[121.42964650300007,23.651885977000063],[121.42971867200004,23.651987072000054],[121.42978392700002,23.652078496000058],[121.42991417400003,23.652288481000028],[121.42992376200004,23.652311042000065],[121.42973398400011,23.65240678400005],[121.42975434900006,23.652454728000066],[121.42995438800006,23.652383110000073],[121.43000110100002,23.652493034000031],[121.43011379600011,23.652805350000051],[121.43014050300008,23.652879366000036],[121.43015208400004,23.652911452000069],[121.43016617800004,23.652964635000046],[121.43024121400003,23.653274438000039],[121.43027228100004,23.653553855000041],[121.43029047000005,23.653717407000045],[121.43033847200002,23.654146798000056],[121.43034360900003,23.654188865000037],[121.43042444300011,23.654589698000052],[121.43050713300011,23.654874944000028],[121.43064933500011,23.655252365000024],[121.43101423400003,23.655951081000069],[121.43140624000011,23.65672451000006],[121.43163796800002,23.657172579000076],[121.43196877000003,23.657811674000072],[121.43226497900002,23.658394661000045],[121.43227845600006,23.658420916000068],[121.43245026200009,23.658726152000042],[121.43258551600002,23.658954785000049],[121.43282685000008,23.659334423000075],[121.43299812200007,23.659594635000076],[121.4331581130001,23.659809917000075],[121.43328752600007,23.659980742000073],[121.43332120800005,23.660024730000032],[121.43351709600006,23.660255468000059],[121.43355627000005,23.66030644500006],[121.43374568600007,23.660497576000068],[121.4339491180001,23.660689542000057],[121.43422012300005,23.660924751000039],[121.43442887200001,23.661094945000059],[121.4348172330001,23.661382042000071],[121.4352622670001,23.661713761000044],[121.43565427100009,23.662004503000048],[121.43582260700009,23.662152875000061],[121.43615791700006,23.662409397000033],[121.43656386900011,23.662720135000029],[121.43750479700009,23.663445157000069],[121.4382157340001,23.664018622000071],[121.43827674800002,23.664068455000063],[121.43850362500007,23.664249594000069],[121.43953218400009,23.665061637000065],[121.43954436600006,23.665070482000033],[121.43962606300011,23.665127082000026],[121.43971011100007,23.665180685000053],[121.43979637900009,23.665231205000055],[121.43988473500008,23.665278569000066],[121.43997504300012,23.665322701000036],[121.4400671620001,23.665363532000072],[121.44016094900007,23.665401001000077],[121.44025626200005,23.665435049000052],[121.4403529540001,23.665465624000035],[121.44045087400002,23.665492680000057],[121.44054987300001,23.665516173000071],[121.44064979600012,23.665536068000051],[121.44075049000003,23.665552333000051],[121.44085180100001,23.665564947000064],[121.44094317700001,23.665573143000074],[121.44101207300002,23.665581834000022],[121.44110609400002,23.665590543000064],[121.44120042400004,23.665595669000027],[121.44129490300008,23.665597203000061],[121.44138937000002,23.665595138000072],[121.44148366500008,23.665589479000062],[121.44157762500004,23.665580236000039],[121.44167108900001,23.665567425000063],[121.44176389900008,23.665551066000035],[121.44177484000011,23.665548895000029],[121.44191826800011,23.66551800700006],[121.4420557310001,23.665488407000055],[121.44240741600004,23.665409234000037],[121.44260678800003,23.665379894000068],[121.44282205900004,23.665370816000063],[121.44306703300003,23.665363931000059],[121.4436124770001,23.665399972000046],[121.44401085300001,23.665451542000028],[121.44512432900001,23.665630346000057],[121.44529817700004,23.665666037000051],[121.44650770400006,23.665961978000041],[121.44719224700009,23.666147598000066],[121.44850629200005,23.66650390500007],[121.44822502400007,23.664943471000072],[121.44839643400007,23.664855811000052],[121.44870154700004,23.664696831000072],[121.44880925600012,23.664642409000066],[121.44874373400012,23.664467827000067],[121.44874083900004,23.664461668000058],[121.44864548600003,23.664258629000074],[121.44855147600003,23.664058457000067],[121.44855001100007,23.664055721000068],[121.44854854500011,23.664052984000023],[121.44844270400006,23.663855719000026],[121.44838809600003,23.663753930000041],[121.44834091700011,23.663665981000065],[121.4480941490001,23.663291883000056],[121.44779776600001,23.662902052000049],[121.44772311500003,23.662795662000065],[121.4475017530001,23.662496969000074],[121.44743873500011,23.662415314000043],[121.44669630300007,23.661422408000078],[121.44667944000003,23.661398744000053],[121.44634129000008,23.660924269000077],[121.44625070100005,23.660797154000022],[121.44627815900003,23.660783225000046],[121.44602103400007,23.660433028000057],[121.44550485200011,23.660047194000072],[121.44534776300009,23.659929771000066],[121.44505748600011,23.659744616000069],[121.44406761100004,23.65920002200005],[121.44372484200005,23.658959284000048],[121.44359591700004,23.658844252000051],[121.44341442600012,23.658682314000032],[121.44328934500004,23.658557783000049],[121.44320462300004,23.658444026000041],[121.44282435900004,23.658034526000051],[121.44260458200006,23.657633191000059],[121.44245271400007,23.657176056000026],[121.44233772600012,23.656570152000029],[121.44217256100001,23.655685039000048],[121.4420948720001,23.655510873000026],[121.44201697700009,23.655390663000048],[121.44190296400006,23.655258143000026],[121.4417671970001,23.655134394000072],[121.4416308210001,23.655043533000025],[121.44150823500001,23.654975929000045],[121.4413707970001,23.654916191000041],[121.44124279400012,23.654882228000076],[121.44034994600008,23.654709991000061],[121.44011650300001,23.654637556000068],[121.43987616600009,23.654539111000076],[121.43939423600011,23.654316367000035],[121.43906333200005,23.654167450000045],[121.43886470200005,23.654094078000071],[121.43866123900011,23.654026979000037],[121.43856098300012,23.654000431000043],[121.43837397100003,23.653955062000023],[121.43808358300009,23.653899791000072],[121.43781830000012,23.653861473000063],[121.43755753200003,23.653842836000024],[121.43643833500005,23.653761158000066],[121.4361486790001,23.653751011000054],[121.43585789300005,23.653775752000058],[121.43563107000011,23.653795053000067],[121.43542096900001,23.653778313000032],[121.4351039820001,23.653736593000076],[121.43480337300002,23.65365308500003],[121.43459295900004,23.653567912000028],[121.43440444100008,23.653472589000046],[121.43415802700008,23.653337290000024],[121.43364934400006,23.653023997000048],[121.43305437100003,23.65267499600003],[121.43293498000003,23.652594840000063],[121.43286756500004,23.65252659600003],[121.43280541400009,23.65242371100004],[121.43278393300011,23.652376101000073],[121.43253684000001,23.651667751000048],[121.43202805700003,23.651248218000035],[121.43201307200002,23.651123486000074],[121.43199999000001,23.651012618000038],[121.43177902600007,23.650881592000076],[121.43171899900005,23.650845983000067],[121.4317457730001,23.650789833000033],[121.43182929900001,23.650614675000043],[121.43195438600003,23.650352345000044],[121.4320431000001,23.650166302000059],[121.43211689700001,23.650011524000035],[121.4322607790001,23.650176710000039],[121.43228054500003,23.649746307000044],[121.43229227300003,23.649596471000052],[121.43230538800003,23.649442449000048],[121.43230955800004,23.649395918000039],[121.4323154110001,23.64933245800006],[121.43232143900002,23.649269007000044],[121.43232735900006,23.649208581000039],[121.43233343600002,23.649148174000061],[121.43234187700011,23.649066918000074],[121.43235062000008,23.648985689000028],[121.43238124300001,23.648720528000069],[121.43241503400009,23.648455690000048],[121.43241789700005,23.648434426000051],[121.43242708700006,23.648366877000058],[121.43242747000011,23.648364319000052],[121.43243529800009,23.64830502600006],[121.43243894200009,23.648268036000047],[121.43244458400011,23.648210750000032],[121.4324499710001,23.648118071000056],[121.43245166600002,23.648030829000049],[121.43245188500009,23.647705633000044],[121.43245202700007,23.647495871000046],[121.43245204800007,23.647465983000075],[121.43245214000001,23.647331738000048],[121.43245215200011,23.64731394000006],[121.43245234800008,23.647017926000046],[121.43245267600003,23.646526483000059],[121.43245269400006,23.646504757000059],[121.43245268700002,23.646494718000042],[121.43245056800004,23.646438020000062],[121.43244757900004,23.646409788000028],[121.43244458900006,23.646381557000041],[121.43243968000002,23.646353555000076],[121.43243477400006,23.646325552000064],[121.43243018500004,23.646305031000054],[121.43242612300003,23.646288617000039],[121.43242117300008,23.646270292000054],[121.43240379300005,23.646215793000067],[121.43239640600007,23.646195849000037],[121.4323210870001,23.646000052000034],[121.43227490300001,23.645879987000058],[121.43224329800012,23.645797826000035],[121.43220812700008,23.645706407000034],[121.43217849900009,23.645629367000026],[121.43214041100009,23.645530346000044],[121.43210649500008,23.645442185000036],[121.43206698300003,23.645339474000025],[121.43199374100004,23.645149073000027],[121.43188416300006,23.644843201000072],[121.43178911600012,23.644533233000061],[121.4317712830001,23.644468649000032],[121.43175408600007,23.644403919000069],[121.43173790300011,23.644340586000055],[121.4317223270001,23.644277124000041],[121.43170781600008,23.644215545000066],[121.43169388400008,23.644153858000038],[121.43168053900001,23.644092187000069],[121.43166777200008,23.64403040600007],[121.43165444900001,23.643962701000078],[121.43164181000009,23.643894879000072],[121.4316170410001,23.643750493000027],[121.43159514900003,23.643619336000029],[121.43157022700007,23.643469974000027],[121.43152819300008,23.643218156000046],[121.43150210300007,23.643061854000052],[121.43148750100011,23.642970543000047],[121.43147576800004,23.642881244000023],[121.43146855100008,23.642807470000037],[121.43146352700001,23.642753009000046],[121.43145734900008,23.642643840000062],[121.43145600000003,23.642601571000057],[121.43145559800007,23.642583596000065],[121.43145508400005,23.642542672000047],[121.43147492000003,23.642412775000025],[121.43144192700004,23.642251703000056],[121.43141614000001,23.642125809000049],[121.43140893400005,23.642090630000041],[121.43138029700003,23.641971683000065],[121.43131498600007,23.641700408000077],[121.43130232800002,23.641647826000053],[121.43129151700009,23.641539692000038],[121.43122006700003,23.641200886000036],[121.43121283200003,23.641158619000066],[121.43114329700006,23.640752338000027],[121.43111735000002,23.640582989000052],[121.43110573200011,23.64050717300006],[121.43107463800004,23.640304258000072],[121.43104363600003,23.640054803000055],[121.43103329600001,23.639919776000056],[121.43101879500011,23.639854903000071],[121.43099180400009,23.639663470000073],[121.4309735490001,23.639533946000029],[121.43095529200002,23.63940442300003],[121.43093573800002,23.639242682000031],[121.43090056500012,23.638951761000044],[121.43084485000008,23.638541242000031],[121.4308390220001,23.638518349000037],[121.43084490400008,23.638266662000035],[121.4308315080001,23.63804151000005],[121.43082067500006,23.637584927000034],[121.43082030000005,23.637539212000036],[121.43081964700002,23.637458998000056],[121.43082419600012,23.637345401000061],[121.43081695400008,23.637129543000071],[121.43082199900005,23.636999937000041],[121.43083457700004,23.636676789000035],[121.43084551600009,23.636455438000041],[121.43086822700002,23.635990960000072],[121.43087122000009,23.635929189000024],[121.43087421500002,23.635867419000078],[121.43087843800004,23.635780219000026],[121.43088093900008,23.635593787000062],[121.43088271500005,23.635461502000055],[121.43088438100006,23.635337332000063],[121.43088149000005,23.63527146000007],[121.43086884700006,23.634983516000034],[121.43086026000003,23.634815482000079],[121.43083751600011,23.634439041000064],[121.43081776700001,23.633985370000062],[121.43075631900001,23.633606005000047],[121.43051546400011,23.632438950000051],[121.43048101700003,23.632296623000059],[121.43043961000001,23.632191831000057],[121.43035138400012,23.632022831000029],[121.43008647200008,23.631691510000053],[121.42888001000006,23.630079824000063],[121.42863982100005,23.629720098000064],[121.42840664900007,23.629314759000067],[121.42739442200002,23.627311372000065],[121.42603808800004,23.624585642000056],[121.42582845700008,23.623993820000067],[121.42571327400003,23.623581100000024],[121.42557436200002,23.622887614000035],[121.42533553400006,23.620010734000061],[121.42530394700009,23.619482489000063],[121.42531764000012,23.619134228000064],[121.42535213700012,23.618761023000047],[121.42541507200008,23.618376647000048],[121.42550508600004,23.618037701000048],[121.42560231800007,23.617680125000049],[121.42578326800003,23.617237251000063],[121.42599800800008,23.616786165000065],[121.42638178700008,23.616168295000023],[121.42717902800007,23.614916788000073],[121.42813112400006,23.615505394000024],[121.42788758500001,23.616011066000056],[121.42766490100007,23.616597641000055],[121.42771199900005,23.617616404000046],[121.4277932120001,23.618219279000073],[121.42788436300009,23.618722704000049],[121.42798231100005,23.61914226600004],[121.42808391600011,23.619493550000072],[121.4281860320001,23.61979214400003],[121.42828551800005,23.620053638000059],[121.42837923000002,23.620293615000037],[121.42846435500007,23.62052555300005],[121.42853937900009,23.620754480000073],[121.42860311700008,23.620983312000078],[121.4286543820001,23.621214967000071],[121.42866223300007,23.621264517000043],[121.42904515000009,23.622575328000039],[121.4294383350001,23.623671361000049],[121.42983399500008,23.624583586000028],[121.43022435000012,23.625342974000034],[121.43060160800007,23.625980491000064],[121.43095798500008,23.626527107000072],[121.43128569400005,23.627013790000035],[121.43157695000002,23.627471510000078],[121.43182571800003,23.627926630000047],[121.43203296400009,23.62838707800006],[121.43220139900006,23.628856188000043],[121.4323337400001,23.629337279000026],[121.43243270300002,23.629833680000047],[121.43250100100011,23.630348716000071],[121.43269956000006,23.631905188000076],[121.43241955400003,23.632696606000025],[121.43237148900005,23.632963736000079],[121.43237264300001,23.633315291000031],[121.43236298500005,23.633855358000062],[121.43232802700004,23.634025921000045],[121.43201473900001,23.634812943000043],[121.43187911000007,23.635829336000029],[121.43197392000002,23.63829432600005],[121.43198615791393,23.638493031760504],[121.43200446400482,23.638691270588211],[121.43202882116424,23.638888857213665],[121.43205920662852,23.639085606976906],[121.43209559200011,23.639281336000067],[121.43224572700001,23.640026028000023],[121.43232867000006,23.639931950000062],[121.4324199670001,23.640000264000037],[121.43227325200007,23.640166677000025],[121.43232055240567,23.640424724305038],[121.43236384600004,23.64068347400007],[121.43256298500012,23.64189661000006],[121.43269029700002,23.642070525000065],[121.43282499700001,23.642254533000028],[121.43297650700003,23.642461500000024],[121.4329161280001,23.642481171000043],[121.43291609400001,23.642535655000074],[121.43285157800005,23.642596866000076],[121.43274573600002,23.642743354000061],[121.4327039530001,23.642832053000063],[121.43273459600005,23.643032657000049],[121.43280633400002,23.643598016000055],[121.43281549900007,23.64367324400007],[121.43283270100005,23.643814545000055],[121.43285193600002,23.643972482000038],[121.43286190900005,23.644053558000053],[121.4328829320001,23.644204420000051],[121.4329103230001,23.644370910000077],[121.43293850600003,23.644519435000063],[121.43295941400004,23.644619062000061],[121.43297433000009,23.644685809000066],[121.43301222000002,23.644842428000061],[121.43305397000006,23.644998215000044],[121.43309955600012,23.645153084000071],[121.43315293400008,23.645326454000042],[121.43333608800003,23.645921403000045],[121.43336137100005,23.646011852000072],[121.4333828770001,23.646103131000075],[121.4333895310001,23.646135386000026],[121.43340056700004,23.646195079000051],[121.43341443000008,23.646287648000055],[121.43342443400002,23.64638063600006],[121.4334305640001,23.646473911000044],[121.43343168800004,23.646520621000036],[121.43343281300008,23.646567333000064],[121.43343278500004,23.646622738000076],[121.43343275600012,23.646678142000042],[121.43343263100007,23.646863490000044],[121.43342925100001,23.647083617000078],[121.43342507500006,23.647521532000042],[121.43342274700001,23.647994271000073],[121.43341943100006,23.648161736000077],[121.43341553100004,23.648222371000031],[121.43339678400002,23.648451606000037],[121.43339012100012,23.648559588000069],[121.43338667000012,23.648583789000043],[121.43336495500012,23.648718080000037],[121.4333467030001,23.648814428000037],[121.43334607700001,23.648817626000039],[121.43334026500008,23.648845940000058],[121.43332383000006,23.648921403000031],[121.4333186020001,23.648944128000039],[121.43330608300005,23.648997701000042],[121.43330017900007,23.649024127000075],[121.43327828400004,23.649128803000053],[121.4332533060001,23.649265170000035],[121.43323221000003,23.649402092000059],[121.43321501200012,23.649539476000029],[121.43321050100008,23.649581862000048],[121.43320200400001,23.649673822000068],[121.43319896200001,23.649710351000067],[121.43317988700005,23.649939785000072],[121.4331759260001,23.650000122000051],[121.43317565700011,23.650004405000061],[121.43317609900009,23.650017734000073],[121.43317268800263,23.650152859742807],[121.43317569983593,23.650287994971794],[121.43318512769964,23.65042283456776],[121.43320095030676,23.650557074078922],[121.43322313193171,23.650690410408433],[121.43325162249104,23.650822542498716],[121.43328635765646,23.650953172011221],[121.43332725900007,23.651082004000045],[121.43342702200005,23.651373093000075],[121.43354670300005,23.651703734000023],[121.43364109400011,23.651892991000068],[121.43368308200002,23.651953592000041],[121.43417974100009,23.652286355000058],[121.43467160300008,23.652589287000069],[121.43488197900001,23.652704798000059],[121.43501848000005,23.65277381900006],[121.43513684700008,23.652821733000053],[121.43531212000005,23.652870424000071],[121.4355307190001,23.652899193000053],[121.43562860000009,23.652906993000045],[121.43576987500001,23.652894971000023],[121.43612297900006,23.652864925000074],[121.43649488500012,23.652877954000076],[121.43763296000009,23.652961011000059],[121.43793037300009,23.652982267000027],[121.43825126400009,23.653028617000075],[121.43854788500005,23.653082464000079],[121.43881638800008,23.653147604000026],[121.43895648000012,23.653184701000043],[121.43920532700008,23.653266765000069],[121.4395197020001,23.653381069000034],[121.43985746600003,23.653520563000029],[121.44053596200001,23.653809333000027],[121.44061610800009,23.653839091000066],[121.44113641400008,23.653939462000039],[121.44140166200009,23.653990630000067],[121.44101984400004,23.653278736000061],[121.44185496800003,23.652956647000053],[121.44219834000012,23.653562141000066],[121.4424415310001,23.653990974000067],[121.44285156300009,23.654713999000023],[121.44296427500001,23.655003019000048],[121.44304491000003,23.655270995000024],[121.44305327100005,23.655288218000067],[121.44316897300007,23.655647345000034],[121.44319742200003,23.655735628000059],[121.44322994600009,23.655892893000043],[121.44328907900001,23.656178953000051],[121.44339099800004,23.65659534100007],[121.44339614700004,23.656616402000054],[121.44349978100001,23.657053186000041],[121.44354283700011,23.657184253000025],[121.44363447800004,23.657463195000048],[121.44377981100001,23.657713770000043],[121.44385039300005,23.65783546800003],[121.44413206100012,23.658166306000055],[121.44426484700011,23.658275339000056],[121.44447409400004,23.658447154000044],[121.4448613290001,23.658679070000062],[121.44516653300002,23.65883804200007],[121.44523180800002,23.658872038000027],[121.44526747300006,23.658890611000061],[121.44529708300001,23.658906032000061],[121.44534570600001,23.658933395000076],[121.44543869200004,23.658985721000079],[121.44544249100011,23.658984365000038],[121.44551855100008,23.65895567900003],[121.44568234000008,23.658921133000035],[121.44571854100002,23.658915170000057],[121.44575269100005,23.658908305000068],[121.44583272600005,23.658977633000063],[121.44607200200005,23.659191388000067],[121.44628148700008,23.659455784000045],[121.44656348100011,23.65973030300006],[121.44675165600006,23.659922612000059],[121.44709645300009,23.660342814000046],[121.44699262000006,23.660413874000028],[121.44767473200011,23.661473355000055],[121.44781359600006,23.661676198000066],[121.44796942100004,23.661890740000047],[121.44815496900003,23.661682356000028],[121.44877283200003,23.662625578000075],[121.44892061900009,23.662938908000058],[121.44907462800006,23.663260979000029],[121.44913418200008,23.663391572000023],[121.44931970100004,23.663822289000052],[121.44939592200001,23.664002984000035],[121.44981886900007,23.66500183900007],[121.44987261600011,23.665128709000044],[121.44997807100003,23.665374544000031],[121.45007406200011,23.665601200000026],[121.4502954300001,23.666113110000026],[121.45051467500002,23.666659965000065],[121.45053549800002,23.666707105000057],[121.45056400800001,23.666762956000071],[121.45078785500004,23.667040908000047],[121.45106223900007,23.667099299000029],[121.45176268400007,23.667248360000031],[121.45273484100005,23.667454858000042],[121.45289667100008,23.667489233000026],[121.45484523100004,23.667981400000031],[121.45526688700011,23.668045967000069],[121.45559850900008,23.667977825000037],[121.45575087100008,23.667934096000067],[121.4558572740001,23.667900420000024],[121.45596293100004,23.667838623000023],[121.45614882300004,23.667708474000051],[121.45650249500011,23.667467935000047],[121.45665951700005,23.667206028000066],[121.45742479400008,23.667337518000068],[121.45745080600011,23.66734129200006],[121.45747197000003,23.667343476000042],[121.45785457500006,23.667410761000042],[121.45787113100005,23.66783184600007],[121.4580957280001,23.668026005000058],[121.45854881700006,23.668142783000064],[121.45889270000009,23.668227151000053],[121.45950340800005,23.668395660000044],[121.46011255300004,23.668514725000023],[121.46016393500008,23.668579235000038],[121.46035120400006,23.668478475000029],[121.46036167900002,23.66845730600005],[121.46064228400007,23.668341378000036],[121.46075563400007,23.668346947000032],[121.46079564700005,23.668328588000065],[121.46104747700008,23.668673624000064],[121.46107062100009,23.668723192000073],[121.4610740920001,23.668787465000037],[121.4611360240001,23.668961374000048],[121.4610414550001,23.669016629000055],[121.4612594570001,23.669398499000067],[121.46146954900007,23.669261280000057],[121.46153694900011,23.669249819000072],[121.46155537900006,23.669344577000061],[121.46157668100011,23.669388886000036],[121.4615800040001,23.669447380000065],[121.46164217100011,23.669553945000075],[121.46204345500007,23.669405238000024],[121.4627169150001,23.670601099000066],[121.46259588500004,23.670664416000022],[121.46280421900008,23.670801895000068],[121.46287013100005,23.670868870000049],[121.46307564000006,23.670986059000029],[121.46367641100005,23.671339337000063],[121.46402251600011,23.671550894000063],[121.46423926900002,23.671678182000051],[121.46433764200003,23.671743295000056],[121.46454538300009,23.671871172000067],[121.46499014000005,23.672168443000032],[121.46525844900009,23.672344331000033],[121.46542469300005,23.672601505000046],[121.46562719300005,23.672769970000047],[121.46576338600005,23.672851885000057],[121.46587355600002,23.672974250000038],[121.4660112570001,23.673074641000028],[121.46784616400009,23.674443773000064],[121.46903756200004,23.675337468000066],[121.46971441800008,23.675840993000065],[121.47012082800006,23.676247275000037],[121.47032224400004,23.67651580100005],[121.47044849000008,23.676728644000036],[121.47051659500005,23.676847458000054],[121.47093716100005,23.677370171000064],[121.4711993410001,23.677417952000042],[121.47145540700001,23.67746578200007],[121.47169201100007,23.677553136000029],[121.47218633300008,23.67776454400007],[121.4728265760001,23.678322008000066],[121.47389801100007,23.67931429500004],[121.47406898300005,23.679477938000048],[121.47420189600007,23.679610561000061],[121.47442075000004,23.679855054000029],[121.47484152400011,23.680322773000057],[121.47510032900004,23.680771460000074],[121.47481508700002,23.681025545000068],[121.47483417600006,23.681050248000076],[121.47508671200001,23.681345667000073],[121.47526147700012,23.681572682000024],[121.47549598700004,23.681793171000038],[121.47561709500008,23.681920769000044],[121.47612498400008,23.682439682000052],[121.47617711600003,23.682491280000079],[121.47626864000006,23.68259056100004],[121.47715742200012,23.683580177000067],[121.47725876800007,23.683697493000068],[121.47872319600003,23.685442557000044],[121.47965312800011,23.686606682000047],[121.48050876200011,23.687807927000051],[121.48167578300001,23.689617903000055],[121.4822429410001,23.690594039000075],[121.48242054200011,23.690791797000031],[121.48290102300007,23.690839453000024],[121.48315395000009,23.690864632000057],[121.48362442000007,23.690911468000024],[121.48391966200006,23.691367630000059],[121.48372876700012,23.691488900000024],[121.48345500200003,23.691558083000075],[121.48338575600008,23.691685844000062],[121.48328449300004,23.69180489200005],[121.48322042500001,23.692079352000064],[121.48313385100005,23.69221746900007],[121.48313298200003,23.692348609000078],[121.48312933000011,23.692899363000038],[121.48310750500002,23.693110401000069],[121.48308303400006,23.693466357000034],[121.48326796066,23.693824981582338],[121.48344835057181,23.694185909470299],[121.48362417505284,23.694549083275053],[121.48379540614636,23.694914445250639],[121.48396201662598,23.695281937303161],[121.48412398000005,23.695651501000043],[121.48431448400004,23.69623867100006],[121.48453538800004,23.696882396000035],[121.48479760000009,23.697605382000063],[121.48484817000008,23.697738056000048],[121.48488497900007,23.697811752000064],[121.48490717800007,23.697853215000066],[121.48493634500005,23.697903985000039],[121.48497658500003,23.697976754000024],[121.48501650700007,23.69804922700007],[121.48504042100001,23.698091942000076],[121.48506853600009,23.698142377000067],[121.48510570100007,23.698210423000035],[121.48514981300002,23.698290418000056],[121.4851886780001,23.698361629000033],[121.48523587400007,23.698449405000076],[121.48526921700011,23.698511181000072],[121.48530119700001,23.698571370000025],[121.48534185000005,23.698648228000025],[121.48537242600003,23.698705921000055],[121.48542450900004,23.698804463000045],[121.48546586400005,23.698883862000059],[121.48550545100011,23.698958838000067],[121.48555403700004,23.699046396000028],[121.48559644700003,23.699127366000027],[121.4856401620001,23.699211065000043],[121.48567175300002,23.699266823000073],[121.48570023700006,23.699321696000027],[121.48574745900009,23.699410017000048],[121.48578386700001,23.699471041000038],[121.48580637000009,23.699508803000072],[121.48588413100003,23.699655910000047],[121.48592269500011,23.699727250000024],[121.48598088000006,23.699837053000067],[121.48606844700009,23.700000555000031],[121.48616865500003,23.700186729000052],[121.48625137700003,23.700340725000046],[121.48636280500011,23.700545232000024],[121.48640408200004,23.700621407000028],[121.48647201600011,23.700746550000076],[121.48655457900009,23.70089953300004],[121.48655584200003,23.700903651000033],[121.48662854800011,23.701065614000072],[121.48676785400005,23.701375933000065],[121.48721767500001,23.702386079000064],[121.48729755300008,23.702494031000072],[121.48739627800001,23.702614537000045],[121.4874669940001,23.702713235000033],[121.48751256300011,23.702776435000033],[121.4874348510001,23.703085848000057],[121.48742197700005,23.703155092000031],[121.48765401500009,23.703354421000029],[121.48758617100009,23.703960167000048],[121.48757184100009,23.704181196000036],[121.48756368600004,23.704337914000064],[121.48757112800001,23.70456198100004],[121.48759157100005,23.704687917000058],[121.48761852100006,23.704793823000045],[121.48772924700006,23.705113902000051],[121.48778791500001,23.705250147000072],[121.4881996260001,23.70610941700005],[121.48842417700007,23.706621494000046],[121.48848635400009,23.706754269000044],[121.48883194900009,23.707571458000075],[121.48921917000007,23.708486803000028],[121.48924510100005,23.708548421000046],[121.49055037400001,23.709086206000052],[121.49088248800001,23.709223036000026],[121.49088217700012,23.709226727000043],[121.49076954900011,23.71056629900005],[121.4908130450001,23.711327427000072],[121.49065550000012,23.711928329000045],[121.49063581900009,23.712041317000057],[121.49058998300006,23.712702472000046],[121.49058825500003,23.712831403000052],[121.49063960000001,23.713032888000043],[121.49092475507403,23.714137085179615],[121.49121584321267,23.715239733139374],[121.4915128560001,23.716340800000069]]]},"properties":{"OBJECTID":1,"Shape_Length":0.72218235409376674,"Shape_Area":0.0019009361623900187}}]}